<?xml version="1.0" encoding="UTF-8"?>
<kml xmlns="http://www.opengis.net/kml/2.2" xmlns:gx="http://www.google.com/kml/ext/2.2">
    <Document id="1">
        <name>VOR Stations (High and Low Altitude)</name>
        <Folder id="2">
            <Style id="4">
                <IconStyle id="5">
                    <color>ff00ffff</color>
                    <colorMode>normal</colorMode>
                    <scale>1.0</scale>
                    <heading>0</heading>
                    <Icon id="6">
                        <href>http://maps.google.com/mapfiles/kml/shapes/placemark_circle.png</href>
                    </Icon>
                </IconStyle>
            </Style>
            <name>High Altitude VOR Stations</name>
            <Placemark id="8">
                <name>ABI</name>
                <description>Altitude Code: VH&lt;br&gt;Magnetic Deviation: E10°&lt;br&gt;City: ABILENE, TX&lt;br&gt;Frequency: 113.7 MHz</description>
                <styleUrl>#4</styleUrl>
                <Point id="7">
                    <coordinates>-99.86345369444444,32.48133058333334,0.0</coordinates>
                </Point>
            </Placemark>
            <Placemark id="10">
                <name>ABQ</name>
                <description>Altitude Code: VH&lt;br&gt;Magnetic Deviation: E13°&lt;br&gt;City: ALBUQUERQUE, NM&lt;br&gt;Frequency: 113.2 MHz</description>
                <styleUrl>#4</styleUrl>
                <Point id="9">
                    <coordinates>-106.81631191666666,35.043795583333335,0.0</coordinates>
                </Point>
            </Placemark>
            <Placemark id="12">
                <name>ABR</name>
                <description>Altitude Code: VH&lt;br&gt;Magnetic Deviation: E7°&lt;br&gt;City: ABERDEEN, SD&lt;br&gt;Frequency: 113.0 MHz</description>
                <styleUrl>#4</styleUrl>
                <Point id="11">
                    <coordinates>-98.3687196111111,45.41735666666666,0.0</coordinates>
                </Point>
            </Placemark>
            <Placemark id="14">
                <name>ACH</name>
                <description>Altitude Code: VH&lt;br&gt;Magnetic Deviation: E12°&lt;br&gt;City: ANTON CHICO, NM&lt;br&gt;Frequency: 117.8 MHz</description>
                <styleUrl>#4</styleUrl>
                <Point id="13">
                    <coordinates>-105.03992888888888,35.11170611111111,0.0</coordinates>
                </Point>
            </Placemark>
            <Placemark id="16">
                <name>ACK</name>
                <description>Altitude Code: VH&lt;br&gt;Magnetic Deviation: W15°&lt;br&gt;City: NANTUCKET, MA&lt;br&gt;Frequency: 116.2 MHz</description>
                <styleUrl>#4</styleUrl>
                <Point id="15">
                    <coordinates>-70.02670386111112,41.28187505555555,0.0</coordinates>
                </Point>
            </Placemark>
            <Placemark id="18">
                <name>ACT</name>
                <description>Altitude Code: VH&lt;br&gt;Magnetic Deviation: E9°&lt;br&gt;City: WACO, TX&lt;br&gt;Frequency: 115.3 MHz</description>
                <styleUrl>#4</styleUrl>
                <Point id="17">
                    <coordinates>-97.26901383333333,31.662231027777775,0.0</coordinates>
                </Point>
            </Placemark>
            <Placemark id="20">
                <name>ADM</name>
                <description>Altitude Code: VH&lt;br&gt;Magnetic Deviation: E6°&lt;br&gt;City: ARDMORE, OK&lt;br&gt;Frequency: 116.7 MHz</description>
                <styleUrl>#4</styleUrl>
                <Point id="19">
                    <coordinates>-97.16822802777779,34.21158619444445,0.0</coordinates>
                </Point>
            </Placemark>
            <Placemark id="22">
                <name>AEX</name>
                <description>Altitude Code: VH&lt;br&gt;Magnetic Deviation: E3°&lt;br&gt;City: ALEXANDRIA, LA&lt;br&gt;Frequency: 116.1 MHz</description>
                <styleUrl>#4</styleUrl>
                <Point id="21">
                    <coordinates>-92.50097241666667,31.25673163888889,0.0</coordinates>
                </Point>
            </Placemark>
            <Placemark id="24">
                <name>AGJ</name>
                <description>Altitude Code: H&lt;br&gt;Magnetic Deviation: E5°&lt;br&gt;City: LAMPASAS, TX&lt;br&gt;Frequency: 112.5 MHz</description>
                <styleUrl>#4</styleUrl>
                <Point id="23">
                    <coordinates>-98.14185786111112,31.1855045,0.0</coordinates>
                </Point>
            </Placemark>
            <Placemark id="26">
                <name>AHN</name>
                <description>Altitude Code: VH&lt;br&gt;Magnetic Deviation: E0°&lt;br&gt;City: ATHENS, GA&lt;br&gt;Frequency: 116.95 MHz</description>
                <styleUrl>#4</styleUrl>
                <Point id="25">
                    <coordinates>-83.32475877777777,33.94759358333333,0.0</coordinates>
                </Point>
            </Placemark>
            <Placemark id="28">
                <name>AIR</name>
                <description>Altitude Code: H&lt;br&gt;Magnetic Deviation: W7°&lt;br&gt;City: BELLAIRE, OH&lt;br&gt;Frequency: 117.1 MHz</description>
                <styleUrl>#4</styleUrl>
                <Point id="27">
                    <coordinates>-80.81722894444444,40.01702408333333,0.0</coordinates>
                </Point>
            </Placemark>
            <Placemark id="30">
                <name>AKN</name>
                <description>Altitude Code: H&lt;br&gt;Magnetic Deviation: E16°&lt;br&gt;City: KING SALMON, AK&lt;br&gt;Frequency: 112.8 MHz</description>
                <styleUrl>#4</styleUrl>
                <Point id="29">
                    <coordinates>-156.75234675,58.724712583333336,0.0</coordinates>
                </Point>
            </Placemark>
            <Placemark id="32">
                <name>AKO</name>
                <description>Altitude Code: VH&lt;br&gt;Magnetic Deviation: E13°&lt;br&gt;City: AKRON, CO&lt;br&gt;Frequency: 114.4 MHz</description>
                <styleUrl>#4</styleUrl>
                <Point id="31">
                    <coordinates>-103.17971469444444,40.15555508333333,0.0</coordinates>
                </Point>
            </Placemark>
            <Placemark id="34">
                <name>ALS</name>
                <description>Altitude Code: VH&lt;br&gt;Magnetic Deviation: E13°&lt;br&gt;City: ALAMOSA, CO&lt;br&gt;Frequency: 113.9 MHz</description>
                <styleUrl>#4</styleUrl>
                <Point id="33">
                    <coordinates>-105.81553269444444,37.34915894444445,0.0</coordinates>
                </Point>
            </Placemark>
            <Placemark id="36">
                <name>ANN</name>
                <description>Altitude Code: H&lt;br&gt;Magnetic Deviation: E21°&lt;br&gt;City: ANNETTE, AK&lt;br&gt;Frequency: 117.1 MHz</description>
                <styleUrl>#4</styleUrl>
                <Point id="35">
                    <coordinates>-131.57839944444444,55.06040861111111,0.0</coordinates>
                </Point>
            </Placemark>
            <Placemark id="38">
                <name>ANU</name>
                <description>Altitude Code: H&lt;br&gt;Magnetic Deviation: W15°&lt;br&gt;City: ST JOHNS, nan&lt;br&gt;Frequency: 114.5 MHz</description>
                <styleUrl>#4</styleUrl>
                <Point id="37">
                    <coordinates>-61.80016666666666,17.125880555555558,0.0</coordinates>
                </Point>
            </Placemark>
            <Placemark id="40">
                <name>APE</name>
                <description>Altitude Code: VH&lt;br&gt;Magnetic Deviation: W6°&lt;br&gt;City: APPLETON, OH&lt;br&gt;Frequency: 116.7 MHz</description>
                <styleUrl>#4</styleUrl>
                <Point id="39">
                    <coordinates>-82.5883013611111,40.15106272222222,0.0</coordinates>
                </Point>
            </Placemark>
            <Placemark id="42">
                <name>ARG</name>
                <description>Altitude Code: VH&lt;br&gt;Magnetic Deviation: E4°&lt;br&gt;City: WALNUT RIDGE, AR&lt;br&gt;Frequency: 114.5 MHz</description>
                <styleUrl>#4</styleUrl>
                <Point id="41">
                    <coordinates>-90.95369330555556,36.110019916666666,0.0</coordinates>
                </Point>
            </Placemark>
            <Placemark id="44">
                <name>AVE</name>
                <description>Altitude Code: VH&lt;br&gt;Magnetic Deviation: E16°&lt;br&gt;City: AVENAL, CA&lt;br&gt;Frequency: 117.1 MHz</description>
                <styleUrl>#4</styleUrl>
                <Point id="43">
                    <coordinates>-119.97860555555556,35.64697555555556,0.0</coordinates>
                </Point>
            </Placemark>
            <Placemark id="46">
                <name>AWK</name>
                <description>Altitude Code: H&lt;br&gt;Magnetic Deviation: E6°&lt;br&gt;City: WAKE ISLAND, QW&lt;br&gt;Frequency: 113.5 MHz</description>
                <styleUrl>#4</styleUrl>
                <Point id="45">
                    <coordinates>166.62731944444445,19.286586111111113,0.0</coordinates>
                </Point>
            </Placemark>
            <Placemark id="48">
                <name>AXC</name>
                <description>Altitude Code: VH&lt;br&gt;Magnetic Deviation: E3°&lt;br&gt;City: DECATUR, IL&lt;br&gt;Frequency: 117.2 MHz</description>
                <styleUrl>#4</styleUrl>
                <Point id="47">
                    <coordinates>-88.8564315,39.73752147222222,0.0</coordinates>
                </Point>
            </Placemark>
            <Placemark id="50">
                <name>BAE</name>
                <description>Altitude Code: H&lt;br&gt;Magnetic Deviation: E2°&lt;br&gt;City: MILWAUKEE, WI&lt;br&gt;Frequency: 116.4 MHz</description>
                <styleUrl>#4</styleUrl>
                <Point id="49">
                    <coordinates>-88.28434405555555,43.11685325,0.0</coordinates>
                </Point>
            </Placemark>
            <Placemark id="52">
                <name>BAM</name>
                <description>Altitude Code: VH&lt;br&gt;Magnetic Deviation: E13°&lt;br&gt;City: BATTLE MOUNTAIN, NV&lt;br&gt;Frequency: 112.2 MHz</description>
                <styleUrl>#4</styleUrl>
                <Point id="51">
                    <coordinates>-116.92225627777778,40.56908061111111,0.0</coordinates>
                </Point>
            </Placemark>
            <Placemark id="54">
                <name>BCE</name>
                <description>Altitude Code: VH&lt;br&gt;Magnetic Deviation: E15°&lt;br&gt;City: BRYCE CANYON, UT&lt;br&gt;Frequency: 112.8 MHz</description>
                <styleUrl>#4</styleUrl>
                <Point id="53">
                    <coordinates>-112.30390230555555,37.68918744444444,0.0</coordinates>
                </Point>
            </Placemark>
            <Placemark id="56">
                <name>BDA</name>
                <description>Altitude Code: H&lt;br&gt;Magnetic Deviation: W15°&lt;br&gt;City: HAMILTON, nan&lt;br&gt;Frequency: 113.9 MHz</description>
                <styleUrl>#4</styleUrl>
                <Point id="55">
                    <coordinates>-64.6895725,32.36438611111111,0.0</coordinates>
                </Point>
            </Placemark>
            <Placemark id="58">
                <name>BET</name>
                <description>Altitude Code: H&lt;br&gt;Magnetic Deviation: E14°&lt;br&gt;City: BETHEL, AK&lt;br&gt;Frequency: 114.1 MHz</description>
                <styleUrl>#4</styleUrl>
                <Point id="57">
                    <coordinates>-161.82432983333334,60.784836999999996,0.0</coordinates>
                </Point>
            </Placemark>
            <Placemark id="60">
                <name>BFF</name>
                <description>Altitude Code: VH&lt;br&gt;Magnetic Deviation: E13°&lt;br&gt;City: SCOTTSBLUFF, NE&lt;br&gt;Frequency: 112.6 MHz</description>
                <styleUrl>#4</styleUrl>
                <Point id="59">
                    <coordinates>-103.48203161111111,41.894163,0.0</coordinates>
                </Point>
            </Placemark>
            <Placemark id="62">
                <name>BGI</name>
                <description>Altitude Code: H&lt;br&gt;Magnetic Deviation: W15°&lt;br&gt;City: BARBADOS, nan&lt;br&gt;Frequency: 112.7 MHz</description>
                <styleUrl>#4</styleUrl>
                <Point id="61">
                    <coordinates>-59.483830555555556,13.075047222222222,0.0</coordinates>
                </Point>
            </Placemark>
            <Placemark id="64">
                <name>BGQ</name>
                <description>Altitude Code: H&lt;br&gt;Magnetic Deviation: E19°&lt;br&gt;City: BIG LAKE, AK&lt;br&gt;Frequency: 112.5 MHz</description>
                <styleUrl>#4</styleUrl>
                <Point id="63">
                    <coordinates>-149.96715905555556,61.569432500000005,0.0</coordinates>
                </Point>
            </Placemark>
            <Placemark id="66">
                <name>BGR</name>
                <description>Altitude Code: VH&lt;br&gt;Magnetic Deviation: W19°&lt;br&gt;City: BANGOR, ME&lt;br&gt;Frequency: 114.8 MHz</description>
                <styleUrl>#4</styleUrl>
                <Point id="65">
                    <coordinates>-68.87396533333333,44.841794972222225,0.0</coordinates>
                </Point>
            </Placemark>
            <Placemark id="68">
                <name>BIG</name>
                <description>Altitude Code: H&lt;br&gt;Magnetic Deviation: E23°&lt;br&gt;City: DELTA JUNCTION FT GREELY, AK&lt;br&gt;Frequency: 114.9 MHz</description>
                <styleUrl>#4</styleUrl>
                <Point id="67">
                    <coordinates>-145.71724722222223,64.00446111111111,0.0</coordinates>
                </Point>
            </Placemark>
            <Placemark id="70">
                <name>BIL</name>
                <description>Altitude Code: VH&lt;br&gt;Magnetic Deviation: E14°&lt;br&gt;City: BILLINGS, MT&lt;br&gt;Frequency: 114.5 MHz</description>
                <styleUrl>#4</styleUrl>
                <Point id="69">
                    <coordinates>-108.62464758333333,45.80855919444444,0.0</coordinates>
                </Point>
            </Placemark>
            <Placemark id="72">
                <name>BJC</name>
                <description>Altitude Code: VH&lt;br&gt;Magnetic Deviation: E11°&lt;br&gt;City: DENVER, CO&lt;br&gt;Frequency: 115.4 MHz</description>
                <styleUrl>#4</styleUrl>
                <Point id="71">
                    <coordinates>-105.13898577777779,39.91304025,0.0</coordinates>
                </Point>
            </Placemark>
            <Placemark id="74">
                <name>BKA</name>
                <description>Altitude Code: H&lt;br&gt;Magnetic Deviation: E20°&lt;br&gt;City: SITKA, AK&lt;br&gt;Frequency: 113.8 MHz</description>
                <styleUrl>#4</styleUrl>
                <Point id="73">
                    <coordinates>-135.55131222222224,56.859409444444445,0.0</coordinates>
                </Point>
            </Placemark>
            <Placemark id="76">
                <name>BKE</name>
                <description>Altitude Code: VH&lt;br&gt;Magnetic Deviation: E20°&lt;br&gt;City: BAKER CITY, OR&lt;br&gt;Frequency: 115.3 MHz</description>
                <styleUrl>#4</styleUrl>
                <Point id="75">
                    <coordinates>-117.80786827777777,44.84059947222222,0.0</coordinates>
                </Point>
            </Placemark>
            <Placemark id="78">
                <name>BLD</name>
                <description>Altitude Code: VH&lt;br&gt;Magnetic Deviation: E15°&lt;br&gt;City: BOULDER CITY, NV&lt;br&gt;Frequency: 116.7 MHz</description>
                <styleUrl>#4</styleUrl>
                <Point id="77">
                    <coordinates>-114.86357888888888,35.995790222222226,0.0</coordinates>
                </Point>
            </Placemark>
            <Placemark id="80">
                <name>BLH</name>
                <description>Altitude Code: VH&lt;br&gt;Magnetic Deviation: E14°&lt;br&gt;City: BLYTHE, CA&lt;br&gt;Frequency: 117.4 MHz</description>
                <styleUrl>#4</styleUrl>
                <Point id="79">
                    <coordinates>-114.76127336111111,33.59606463888889,0.0</coordinates>
                </Point>
            </Placemark>
            <Placemark id="82">
                <name>BNA</name>
                <description>Altitude Code: VH&lt;br&gt;Magnetic Deviation: W2°&lt;br&gt;City: NASHVILLE, TN&lt;br&gt;Frequency: 114.1 MHz</description>
                <styleUrl>#4</styleUrl>
                <Point id="81">
                    <coordinates>-86.68477116666666,36.13696036111111,0.0</coordinates>
                </Point>
            </Placemark>
            <Placemark id="84">
                <name>BOI</name>
                <description>Altitude Code: VH&lt;br&gt;Magnetic Deviation: E17°&lt;br&gt;City: BOISE, ID&lt;br&gt;Frequency: 113.3 MHz</description>
                <styleUrl>#4</styleUrl>
                <Point id="83">
                    <coordinates>-116.19212561111111,43.552811416666664,0.0</coordinates>
                </Point>
            </Placemark>
            <Placemark id="86">
                <name>BOS</name>
                <description>Altitude Code: VH&lt;br&gt;Magnetic Deviation: W16°&lt;br&gt;City: BOSTON, MA&lt;br&gt;Frequency: 112.7 MHz</description>
                <styleUrl>#4</styleUrl>
                <Point id="85">
                    <coordinates>-70.98954838888889,42.35744991666667,0.0</coordinates>
                </Point>
            </Placemark>
            <Placemark id="88">
                <name>BOY</name>
                <description>Altitude Code: VH&lt;br&gt;Magnetic Deviation: E16°&lt;br&gt;City: BOYSEN RESERVOIR, WY&lt;br&gt;Frequency: 117.8 MHz</description>
                <styleUrl>#4</styleUrl>
                <Point id="87">
                    <coordinates>-108.29971222222223,43.46315194444445,0.0</coordinates>
                </Point>
            </Placemark>
            <Placemark id="90">
                <name>BPI</name>
                <description>Altitude Code: VH&lt;br&gt;Magnetic Deviation: E10°&lt;br&gt;City: BIG PINEY, WY&lt;br&gt;Frequency: 116.5 MHz</description>
                <styleUrl>#4</styleUrl>
                <Point id="89">
                    <coordinates>-110.1092138611111,42.57944744444445,0.0</coordinates>
                </Point>
            </Placemark>
            <Placemark id="92">
                <name>BQN</name>
                <description>Altitude Code: H&lt;br&gt;Magnetic Deviation: W10°&lt;br&gt;City: AGUADILLA, PR&lt;br&gt;Frequency: 113.5 MHz</description>
                <styleUrl>#4</styleUrl>
                <Point id="91">
                    <coordinates>-67.10842158333332,18.49840327777778,0.0</coordinates>
                </Point>
            </Placemark>
            <Placemark id="94">
                <name>BRK</name>
                <description>Altitude Code: VH&lt;br&gt;Magnetic Deviation: E8°&lt;br&gt;City: COLORADO SPRINGS, CO&lt;br&gt;Frequency: 112.5 MHz</description>
                <styleUrl>#4</styleUrl>
                <Point id="93">
                    <coordinates>-104.63346708333334,38.94451030555555,0.0</coordinates>
                </Point>
            </Placemark>
            <Placemark id="96">
                <name>BRO</name>
                <description>Altitude Code: H&lt;br&gt;Magnetic Deviation: E9°&lt;br&gt;City: BROWNSVILLE, TX&lt;br&gt;Frequency: 116.3 MHz</description>
                <styleUrl>#4</styleUrl>
                <Point id="95">
                    <coordinates>-97.37526830555555,25.92407216666667,0.0</coordinates>
                </Point>
            </Placemark>
            <Placemark id="98">
                <name>BRW</name>
                <description>Altitude Code: H&lt;br&gt;Magnetic Deviation: E10°&lt;br&gt;City: UTQIAGVIK, AK&lt;br&gt;Frequency: 116.2 MHz</description>
                <styleUrl>#4</styleUrl>
                <Point id="97">
                    <coordinates>-156.78811780555554,71.27342630555556,0.0</coordinates>
                </Point>
            </Placemark>
            <Placemark id="100">
                <name>BTG</name>
                <description>Altitude Code: VH&lt;br&gt;Magnetic Deviation: E21°&lt;br&gt;City: BATTLE GROUND, WA&lt;br&gt;Frequency: 116.6 MHz</description>
                <styleUrl>#4</styleUrl>
                <Point id="99">
                    <coordinates>-122.59153655555555,45.74781102777778,0.0</coordinates>
                </Point>
            </Placemark>
            <Placemark id="102">
                <name>BTT</name>
                <description>Altitude Code: H&lt;br&gt;Magnetic Deviation: E20°&lt;br&gt;City: BETTLES, AK&lt;br&gt;Frequency: 116.0 MHz</description>
                <styleUrl>#4</styleUrl>
                <Point id="101">
                    <coordinates>-151.5358828611111,66.90500841666667,0.0</coordinates>
                </Point>
            </Placemark>
            <Placemark id="104">
                <name>BTY</name>
                <description>Altitude Code: VH&lt;br&gt;Magnetic Deviation: E16°&lt;br&gt;City: BEATTY, NV&lt;br&gt;Frequency: 114.7 MHz</description>
                <styleUrl>#4</styleUrl>
                <Point id="103">
                    <coordinates>-116.74764030555556,36.800597277777776,0.0</coordinates>
                </Point>
            </Placemark>
            <Placemark id="106">
                <name>BUM</name>
                <description>Altitude Code: VH&lt;br&gt;Magnetic Deviation: E7°&lt;br&gt;City: BUTLER, MO&lt;br&gt;Frequency: 115.9 MHz</description>
                <styleUrl>#4</styleUrl>
                <Point id="105">
                    <coordinates>-94.48826111111111,38.27208011111111,0.0</coordinates>
                </Point>
            </Placemark>
            <Placemark id="108">
                <name>BVL</name>
                <description>Altitude Code: VH&lt;br&gt;Magnetic Deviation: E12°&lt;br&gt;City: BONNEVILLE, UT&lt;br&gt;Frequency: 112.3 MHz</description>
                <styleUrl>#4</styleUrl>
                <Point id="107">
                    <coordinates>-113.75741722222222,40.7260975,0.0</coordinates>
                </Point>
            </Placemark>
            <Placemark id="110">
                <name>BVT</name>
                <description>Altitude Code: H&lt;br&gt;Magnetic Deviation: E1°&lt;br&gt;City: LAFAYETTE, IN&lt;br&gt;Frequency: 115.1 MHz</description>
                <styleUrl>#4</styleUrl>
                <Point id="109">
                    <coordinates>-87.06937447222222,40.55617161111111,0.0</coordinates>
                </Point>
            </Placemark>
            <Placemark id="112">
                <name>BYP</name>
                <description>Altitude Code: VH&lt;br&gt;Magnetic Deviation: E6°&lt;br&gt;City: BONHAM, TX&lt;br&gt;Frequency: 114.6 MHz</description>
                <styleUrl>#4</styleUrl>
                <Point id="111">
                    <coordinates>-96.23409444444445,33.53748611111111,0.0</coordinates>
                </Point>
            </Placemark>
            <Placemark id="114">
                <name>BZA</name>
                <description>Altitude Code: VH&lt;br&gt;Magnetic Deviation: E14°&lt;br&gt;City: YUMA, CA&lt;br&gt;Frequency: 116.8 MHz</description>
                <styleUrl>#4</styleUrl>
                <Point id="113">
                    <coordinates>-114.60294638888888,32.7681075,0.0</coordinates>
                </Point>
            </Placemark>
            <Placemark id="116">
                <name>BZN</name>
                <description>Altitude Code: VH&lt;br&gt;Magnetic Deviation: E18°&lt;br&gt;City: BOZEMAN, MT&lt;br&gt;Frequency: 112.4 MHz</description>
                <styleUrl>#4</styleUrl>
                <Point id="115">
                    <coordinates>-111.1554548888889,45.783898916666665,0.0</coordinates>
                </Point>
            </Placemark>
            <Placemark id="118">
                <name>CAE</name>
                <description>Altitude Code: VH&lt;br&gt;Magnetic Deviation: W2°&lt;br&gt;City: COLUMBIA, SC&lt;br&gt;Frequency: 114.7 MHz</description>
                <styleUrl>#4</styleUrl>
                <Point id="117">
                    <coordinates>-81.05390280555555,33.857249861111114,0.0</coordinates>
                </Point>
            </Placemark>
            <Placemark id="120">
                <name>CDB</name>
                <description>Altitude Code: H&lt;br&gt;Magnetic Deviation: E10°&lt;br&gt;City: COLD BAY, AK&lt;br&gt;Frequency: 112.6 MHz</description>
                <styleUrl>#4</styleUrl>
                <Point id="119">
                    <coordinates>-162.7739962777778,55.26729461111111,0.0</coordinates>
                </Point>
            </Placemark>
            <Placemark id="122">
                <name>CDO</name>
                <description>Altitude Code: H&lt;br&gt;Magnetic Deviation: W12°&lt;br&gt;City: SANTO DOMINGO, nan&lt;br&gt;Frequency: 114.7 MHz</description>
                <styleUrl>#4</styleUrl>
                <Point id="121">
                    <coordinates>-69.66734166666667,18.434158333333333,0.0</coordinates>
                </Point>
            </Placemark>
            <Placemark id="124">
                <name>CEW</name>
                <description>Altitude Code: VH&lt;br&gt;Magnetic Deviation: E3°&lt;br&gt;City: CRESTVIEW, FL&lt;br&gt;Frequency: 115.9 MHz</description>
                <styleUrl>#4</styleUrl>
                <Point id="123">
                    <coordinates>-86.67914327777778,30.82617375,0.0</coordinates>
                </Point>
            </Placemark>
            <Placemark id="126">
                <name>CHE</name>
                <description>Altitude Code: VH&lt;br&gt;Magnetic Deviation: E14°&lt;br&gt;City: HAYDEN, CO&lt;br&gt;Frequency: 115.6 MHz</description>
                <styleUrl>#4</styleUrl>
                <Point id="125">
                    <coordinates>-107.30490102777777,40.52008166666666,0.0</coordinates>
                </Point>
            </Placemark>
            <Placemark id="128">
                <name>CHS</name>
                <description>Altitude Code: VH&lt;br&gt;Magnetic Deviation: W5°&lt;br&gt;City: CHARLESTON, SC&lt;br&gt;Frequency: 113.5 MHz</description>
                <styleUrl>#4</styleUrl>
                <Point id="127">
                    <coordinates>-80.03781427777777,32.89431919444444,0.0</coordinates>
                </Point>
            </Placemark>
            <Placemark id="130">
                <name>CID</name>
                <description>Altitude Code: H&lt;br&gt;Magnetic Deviation: E5°&lt;br&gt;City: CEDAR RAPIDS, IA&lt;br&gt;Frequency: 114.1 MHz</description>
                <styleUrl>#4</styleUrl>
                <Point id="129">
                    <coordinates>-91.78574891666666,41.887547805555556,0.0</coordinates>
                </Point>
            </Placemark>
            <Placemark id="132">
                <name>CIM</name>
                <description>Altitude Code: VH&lt;br&gt;Magnetic Deviation: E13°&lt;br&gt;City: CIMARRON, NM&lt;br&gt;Frequency: 116.4 MHz</description>
                <styleUrl>#4</styleUrl>
                <Point id="131">
                    <coordinates>-104.87199972222221,36.491396944444446,0.0</coordinates>
                </Point>
            </Placemark>
            <Placemark id="134">
                <name>CKH</name>
                <description>Altitude Code: H&lt;br&gt;Magnetic Deviation: E11°&lt;br&gt;City: KOKO HEAD, HI&lt;br&gt;Frequency: 113.9 MHz</description>
                <styleUrl>#4</styleUrl>
                <Point id="133">
                    <coordinates>-157.70298138888887,21.26511222222222,0.0</coordinates>
                </Point>
            </Placemark>
            <Placemark id="136">
                <name>CKW</name>
                <description>Altitude Code: VH&lt;br&gt;Magnetic Deviation: E15°&lt;br&gt;City: CHEROKEE, WY&lt;br&gt;Frequency: 115.0 MHz</description>
                <styleUrl>#4</styleUrl>
                <Point id="135">
                    <coordinates>-107.58198222222222,41.75570944444444,0.0</coordinates>
                </Point>
            </Placemark>
            <Placemark id="138">
                <name>CME</name>
                <description>Altitude Code: VH&lt;br&gt;Magnetic Deviation: E12°&lt;br&gt;City: ROSWELL, NM&lt;br&gt;Frequency: 116.1 MHz</description>
                <styleUrl>#4</styleUrl>
                <Point id="137">
                    <coordinates>-104.62124491666665,33.33747477777778,0.0</coordinates>
                </Point>
            </Placemark>
            <Placemark id="140">
                <name>CNX</name>
                <description>Altitude Code: VH&lt;br&gt;Magnetic Deviation: E13°&lt;br&gt;City: CORONA, NM&lt;br&gt;Frequency: 115.5 MHz</description>
                <styleUrl>#4</styleUrl>
                <Point id="139">
                    <coordinates>-105.67800472222223,34.36701527777778,0.0</coordinates>
                </Point>
            </Placemark>
            <Placemark id="142">
                <name>CRG</name>
                <description>Altitude Code: H&lt;br&gt;Magnetic Deviation: W3°&lt;br&gt;City: JACKSONVILLE, FL&lt;br&gt;Frequency: 114.5 MHz</description>
                <styleUrl>#4</styleUrl>
                <Point id="141">
                    <coordinates>-81.50992733333334,30.338879194444445,0.0</coordinates>
                </Point>
            </Placemark>
            <Placemark id="144">
                <name>CRL</name>
                <description>Altitude Code: VH&lt;br&gt;Magnetic Deviation: W3°&lt;br&gt;City: CARLETON, MI&lt;br&gt;Frequency: 115.7 MHz</description>
                <styleUrl>#4</styleUrl>
                <Point id="143">
                    <coordinates>-83.45757291666666,42.04802655555555,0.0</coordinates>
                </Point>
            </Placemark>
            <Placemark id="146">
                <name>CRP</name>
                <description>Altitude Code: VH&lt;br&gt;Magnetic Deviation: E9°&lt;br&gt;City: CORPUS CHRISTI, TX&lt;br&gt;Frequency: 115.5 MHz</description>
                <styleUrl>#4</styleUrl>
                <Point id="145">
                    <coordinates>-97.44488133333334,27.903765916666664,0.0</coordinates>
                </Point>
            </Placemark>
            <Placemark id="148">
                <name>CSI</name>
                <description>Altitude Code: VH&lt;br&gt;Magnetic Deviation: E8°&lt;br&gt;City: KERRVILLE, TX&lt;br&gt;Frequency: 117.5 MHz</description>
                <styleUrl>#4</styleUrl>
                <Point id="147">
                    <coordinates>-99.21448569444445,29.922354472222224,0.0</coordinates>
                </Point>
            </Placemark>
            <Placemark id="150">
                <name>CSN</name>
                <description>Altitude Code: H&lt;br&gt;Magnetic Deviation: W6°&lt;br&gt;City: CASANOVA, VA&lt;br&gt;Frequency: 116.3 MHz</description>
                <styleUrl>#4</styleUrl>
                <Point id="149">
                    <coordinates>-77.86549941666667,38.641202138888886,0.0</coordinates>
                </Point>
            </Placemark>
            <Placemark id="152">
                <name>CVE</name>
                <description>Altitude Code: VH&lt;br&gt;Magnetic Deviation: E6°&lt;br&gt;City: DALLAS, TX&lt;br&gt;Frequency: 116.2 MHz</description>
                <styleUrl>#4</styleUrl>
                <Point id="151">
                    <coordinates>-96.90396691666668,32.89031033333333,0.0</coordinates>
                </Point>
            </Placemark>
            <Placemark id="154">
                <name>CVO</name>
                <description>Altitude Code: VH&lt;br&gt;Magnetic Deviation: E18°&lt;br&gt;City: CORVALLIS, OR&lt;br&gt;Frequency: 115.4 MHz</description>
                <styleUrl>#4</styleUrl>
                <Point id="153">
                    <coordinates>-123.29366011111111,44.49956536111111,0.0</coordinates>
                </Point>
            </Placemark>
            <Placemark id="156">
                <name>CWK</name>
                <description>Altitude Code: VH&lt;br&gt;Magnetic Deviation: E6°&lt;br&gt;City: AUSTIN, TX&lt;br&gt;Frequency: 112.8 MHz</description>
                <styleUrl>#4</styleUrl>
                <Point id="155">
                    <coordinates>-97.52984722222222,30.37855,0.0</coordinates>
                </Point>
            </Placemark>
            <Placemark id="158">
                <name>CYN</name>
                <description>Altitude Code: H&lt;br&gt;Magnetic Deviation: W10°&lt;br&gt;City: COYLE, NJ&lt;br&gt;Frequency: 113.4 MHz</description>
                <styleUrl>#4</styleUrl>
                <Point id="157">
                    <coordinates>-74.43162572222222,39.81733791666667,0.0</coordinates>
                </Point>
            </Placemark>
            <Placemark id="160">
                <name>CYS</name>
                <description>Altitude Code: VH&lt;br&gt;Magnetic Deviation: E13°&lt;br&gt;City: CHEYENNE, WY&lt;br&gt;Frequency: 113.1 MHz</description>
                <styleUrl>#4</styleUrl>
                <Point id="159">
                    <coordinates>-104.77291497222222,41.210967027777784,0.0</coordinates>
                </Point>
            </Placemark>
            <Placemark id="162">
                <name>CZI</name>
                <description>Altitude Code: VH&lt;br&gt;Magnetic Deviation: E13°&lt;br&gt;City: CRAZY WOMAN, WY&lt;br&gt;Frequency: 117.3 MHz</description>
                <styleUrl>#4</styleUrl>
                <Point id="161">
                    <coordinates>-106.43573055555557,43.99972777777778,0.0</coordinates>
                </Point>
            </Placemark>
            <Placemark id="164">
                <name>DAS</name>
                <description>Altitude Code: H&lt;br&gt;Magnetic Deviation: E5°&lt;br&gt;City: DAISETTA, TX&lt;br&gt;Frequency: 116.9 MHz</description>
                <styleUrl>#4</styleUrl>
                <Point id="163">
                    <coordinates>-94.64498444444445,30.189711722222224,0.0</coordinates>
                </Point>
            </Placemark>
            <Placemark id="166">
                <name>DBL</name>
                <description>Altitude Code: VH&lt;br&gt;Magnetic Deviation: E12°&lt;br&gt;City: EAGLE, CO&lt;br&gt;Frequency: 113.0 MHz</description>
                <styleUrl>#4</styleUrl>
                <Point id="165">
                    <coordinates>-106.89468027777778,39.439345277777775,0.0</coordinates>
                </Point>
            </Placemark>
            <Placemark id="168">
                <name>DBQ</name>
                <description>Altitude Code: VH&lt;br&gt;Magnetic Deviation: E4°&lt;br&gt;City: DUBUQUE, IA&lt;br&gt;Frequency: 115.8 MHz</description>
                <styleUrl>#4</styleUrl>
                <Point id="167">
                    <coordinates>-90.709078,42.40146908333333,0.0</coordinates>
                </Point>
            </Placemark>
            <Placemark id="170">
                <name>DBS</name>
                <description>Altitude Code: VH&lt;br&gt;Magnetic Deviation: E15°&lt;br&gt;City: DUBOIS, ID&lt;br&gt;Frequency: 116.9 MHz</description>
                <styleUrl>#4</styleUrl>
                <Point id="169">
                    <coordinates>-112.20934333333334,44.08885333333333,0.0</coordinates>
                </Point>
            </Placemark>
            <Placemark id="172">
                <name>DDY</name>
                <description>Altitude Code: VH&lt;br&gt;Magnetic Deviation: E12°&lt;br&gt;City: CASPER, WY&lt;br&gt;Frequency: 116.2 MHz</description>
                <styleUrl>#4</styleUrl>
                <Point id="171">
                    <coordinates>-106.27702444444445,43.09085638888889,0.0</coordinates>
                </Point>
            </Placemark>
            <Placemark id="174">
                <name>DEL</name>
                <description>Altitude Code: H&lt;br&gt;Magnetic Deviation: E9°&lt;br&gt;City: LAS DELICIAS, nan&lt;br&gt;Frequency: 113.5 MHz</description>
                <styleUrl>#4</styleUrl>
                <Point id="173">
                    <coordinates>-105.44856666666666,28.214155555555553,0.0</coordinates>
                </Point>
            </Placemark>
            <Placemark id="176">
                <name>DEN</name>
                <description>Altitude Code: H&lt;br&gt;Magnetic Deviation: E8°&lt;br&gt;City: DENVER, CO&lt;br&gt;Frequency: 117.9 MHz</description>
                <styleUrl>#4</styleUrl>
                <Point id="175">
                    <coordinates>-104.66074008333334,39.81251405555555,0.0</coordinates>
                </Point>
            </Placemark>
            <Placemark id="178">
                <name>DHP</name>
                <description>Altitude Code: VH&lt;br&gt;Magnetic Deviation: W4°&lt;br&gt;City: MIAMI, FL&lt;br&gt;Frequency: 113.9 MHz</description>
                <styleUrl>#4</styleUrl>
                <Point id="177">
                    <coordinates>-80.34903508333333,25.799962750000002,0.0</coordinates>
                </Point>
            </Placemark>
            <Placemark id="180">
                <name>DIK</name>
                <description>Altitude Code: VH&lt;br&gt;Magnetic Deviation: E14°&lt;br&gt;City: DICKINSON, ND&lt;br&gt;Frequency: 112.9 MHz</description>
                <styleUrl>#4</styleUrl>
                <Point id="179">
                    <coordinates>-102.77349983333333,46.860038861111114,0.0</coordinates>
                </Point>
            </Placemark>
            <Placemark id="182">
                <name>DJB</name>
                <description>Altitude Code: VH&lt;br&gt;Magnetic Deviation: W5°&lt;br&gt;City: CLEVELAND, OH&lt;br&gt;Frequency: 113.6 MHz</description>
                <styleUrl>#4</styleUrl>
                <Point id="181">
                    <coordinates>-82.16196869444445,41.35806497222222,0.0</coordinates>
                </Point>
            </Placemark>
            <Placemark id="184">
                <name>DLF</name>
                <description>Altitude Code: H&lt;br&gt;Magnetic Deviation: E7°&lt;br&gt;City: DEL RIO, TX&lt;br&gt;Frequency: 114.4 MHz</description>
                <styleUrl>#4</styleUrl>
                <Point id="183">
                    <coordinates>-100.771725,29.360891666666667,0.0</coordinates>
                </Point>
            </Placemark>
            <Placemark id="186">
                <name>DLG</name>
                <description>Altitude Code: H&lt;br&gt;Magnetic Deviation: E15°&lt;br&gt;City: DILLINGHAM, AK&lt;br&gt;Frequency: 116.4 MHz</description>
                <styleUrl>#4</styleUrl>
                <Point id="185">
                    <coordinates>-158.55221955555558,58.99423375,0.0</coordinates>
                </Point>
            </Placemark>
            <Placemark id="188">
                <name>DLH</name>
                <description>Altitude Code: VH&lt;br&gt;Magnetic Deviation: E5°&lt;br&gt;City: DULUTH, MN&lt;br&gt;Frequency: 112.6 MHz</description>
                <styleUrl>#4</styleUrl>
                <Point id="187">
                    <coordinates>-92.20286919444445,46.80216380555555,0.0</coordinates>
                </Point>
            </Placemark>
            <Placemark id="190">
                <name>DLL</name>
                <description>Altitude Code: VH&lt;br&gt;Magnetic Deviation: E3°&lt;br&gt;City: BARABOO, WI&lt;br&gt;Frequency: 117.0 MHz</description>
                <styleUrl>#4</styleUrl>
                <Point id="189">
                    <coordinates>-89.76362247222222,43.55083561111111,0.0</coordinates>
                </Point>
            </Placemark>
            <Placemark id="192">
                <name>DLN</name>
                <description>Altitude Code: VH&lt;br&gt;Magnetic Deviation: E18°&lt;br&gt;City: DILLON, MT&lt;br&gt;Frequency: 113.0 MHz</description>
                <styleUrl>#4</styleUrl>
                <Point id="191">
                    <coordinates>-112.54712980555556,45.248573916666665,0.0</coordinates>
                </Point>
            </Placemark>
            <Placemark id="194">
                <name>DNJ</name>
                <description>Altitude Code: VH&lt;br&gt;Magnetic Deviation: E19°&lt;br&gt;City: MC CALL, ID&lt;br&gt;Frequency: 116.2 MHz</description>
                <styleUrl>#4</styleUrl>
                <Point id="193">
                    <coordinates>-116.20626575,44.76711258333333,0.0</coordinates>
                </Point>
            </Placemark>
            <Placemark id="196">
                <name>DNW</name>
                <description>Altitude Code: VH&lt;br&gt;Magnetic Deviation: E15°&lt;br&gt;City: DUNOIR, WY&lt;br&gt;Frequency: 117.2 MHz</description>
                <styleUrl>#4</styleUrl>
                <Point id="195">
                    <coordinates>-110.33547444444444,43.82827805555556,0.0</coordinates>
                </Point>
            </Placemark>
            <Placemark id="198">
                <name>DPR</name>
                <description>Altitude Code: VH&lt;br&gt;Magnetic Deviation: E10°&lt;br&gt;City: DUPREE, SD&lt;br&gt;Frequency: 116.8 MHz</description>
                <styleUrl>#4</styleUrl>
                <Point id="197">
                    <coordinates>-101.71507138888889,45.07817527777778,0.0</coordinates>
                </Point>
            </Placemark>
            <Placemark id="200">
                <name>DRK</name>
                <description>Altitude Code: VH&lt;br&gt;Magnetic Deviation: E14°&lt;br&gt;City: PRESCOTT, AZ&lt;br&gt;Frequency: 114.1 MHz</description>
                <styleUrl>#4</styleUrl>
                <Point id="199">
                    <coordinates>-112.48034163888889,34.702552250000004,0.0</coordinates>
                </Point>
            </Placemark>
            <Placemark id="202">
                <name>DSD</name>
                <description>Altitude Code: VH&lt;br&gt;Magnetic Deviation: E18°&lt;br&gt;City: REDMOND, OR&lt;br&gt;Frequency: 117.6 MHz</description>
                <styleUrl>#4</styleUrl>
                <Point id="201">
                    <coordinates>-121.30355233333333,44.25276077777778,0.0</coordinates>
                </Point>
            </Placemark>
            <Placemark id="204">
                <name>DSM</name>
                <description>Altitude Code: VH&lt;br&gt;Magnetic Deviation: E7°&lt;br&gt;City: DES MOINES, IA&lt;br&gt;Frequency: 117.5 MHz</description>
                <styleUrl>#4</styleUrl>
                <Point id="203">
                    <coordinates>-93.64855794444445,41.43762480555555,0.0</coordinates>
                </Point>
            </Placemark>
            <Placemark id="206">
                <name>DTA</name>
                <description>Altitude Code: VH&lt;br&gt;Magnetic Deviation: E16°&lt;br&gt;City: DELTA, UT&lt;br&gt;Frequency: 116.1 MHz</description>
                <styleUrl>#4</styleUrl>
                <Point id="205">
                    <coordinates>-112.50555938888888,39.302262166666665,0.0</coordinates>
                </Point>
            </Placemark>
            <Placemark id="208">
                <name>DVC</name>
                <description>Altitude Code: VH&lt;br&gt;Magnetic Deviation: E14°&lt;br&gt;City: DOVE CREEK, CO&lt;br&gt;Frequency: 114.6 MHz</description>
                <styleUrl>#4</styleUrl>
                <Point id="207">
                    <coordinates>-108.9312738888889,37.80873972222222,0.0</coordinates>
                </Point>
            </Placemark>
            <Placemark id="210">
                <name>DVV</name>
                <description>Altitude Code: VH&lt;br&gt;Magnetic Deviation: E8°&lt;br&gt;City: DENVER, CO&lt;br&gt;Frequency: 114.7 MHz</description>
                <styleUrl>#4</styleUrl>
                <Point id="209">
                    <coordinates>-104.62433499999999,39.894689416666665,0.0</coordinates>
                </Point>
            </Placemark>
            <Placemark id="212">
                <name>DXO</name>
                <description>Altitude Code: H&lt;br&gt;Magnetic Deviation: W6°&lt;br&gt;City: DETROIT, MI&lt;br&gt;Frequency: 113.4 MHz</description>
                <styleUrl>#4</styleUrl>
                <Point id="211">
                    <coordinates>-83.36666327777777,42.213136222222225,0.0</coordinates>
                </Point>
            </Placemark>
            <Placemark id="214">
                <name>EED</name>
                <description>Altitude Code: VH&lt;br&gt;Magnetic Deviation: E15°&lt;br&gt;City: NEEDLES, CA&lt;br&gt;Frequency: 115.2 MHz</description>
                <styleUrl>#4</styleUrl>
                <Point id="213">
                    <coordinates>-114.47410416666666,34.76600416666667,0.0</coordinates>
                </Point>
            </Placemark>
            <Placemark id="216">
                <name>EHF</name>
                <description>Altitude Code: VH&lt;br&gt;Magnetic Deviation: E14°&lt;br&gt;City: BAKERSFIELD, CA&lt;br&gt;Frequency: 115.4 MHz</description>
                <styleUrl>#4</styleUrl>
                <Point id="215">
                    <coordinates>-119.09729363888889,35.484554361111115,0.0</coordinates>
                </Point>
            </Placemark>
            <Placemark id="218">
                <name>EHK</name>
                <description>Altitude Code: VH&lt;br&gt;Magnetic Deviation: E16°&lt;br&gt;City: CEDAR CITY, UT&lt;br&gt;Frequency: 117.3 MHz</description>
                <styleUrl>#4</styleUrl>
                <Point id="217">
                    <coordinates>-113.06823055555556,37.78733,0.0</coordinates>
                </Point>
            </Placemark>
            <Placemark id="220">
                <name>EIC</name>
                <description>Altitude Code: H&lt;br&gt;Magnetic Deviation: E7°&lt;br&gt;City: SHREVEPORT, LA&lt;br&gt;Frequency: 117.4 MHz</description>
                <styleUrl>#4</styleUrl>
                <Point id="219">
                    <coordinates>-93.80992916666666,32.77136472222222,0.0</coordinates>
                </Point>
            </Placemark>
            <Placemark id="222">
                <name>EKR</name>
                <description>Altitude Code: VH&lt;br&gt;Magnetic Deviation: E9°&lt;br&gt;City: MEEKER, CO&lt;br&gt;Frequency: 115.2 MHz</description>
                <styleUrl>#4</styleUrl>
                <Point id="221">
                    <coordinates>-107.92494958333334,40.067441888888894,0.0</coordinates>
                </Point>
            </Placemark>
            <Placemark id="224">
                <name>ELD</name>
                <description>Altitude Code: VH&lt;br&gt;Magnetic Deviation: E7°&lt;br&gt;City: EL DORADO, AR&lt;br&gt;Frequency: 115.5 MHz</description>
                <styleUrl>#4</styleUrl>
                <Point id="223">
                    <coordinates>-92.74394775,33.256153805555556,0.0</coordinates>
                </Point>
            </Placemark>
            <Placemark id="226">
                <name>ELN</name>
                <description>Altitude Code: VH&lt;br&gt;Magnetic Deviation: E21°&lt;br&gt;City: ELLENSBURG, WA&lt;br&gt;Frequency: 117.9 MHz</description>
                <styleUrl>#4</styleUrl>
                <Point id="225">
                    <coordinates>-120.45841355555555,47.02437419444444,0.0</coordinates>
                </Point>
            </Placemark>
            <Placemark id="228">
                <name>ELP</name>
                <description>Altitude Code: VH&lt;br&gt;Magnetic Deviation: E12°&lt;br&gt;City: EL PASO, TX&lt;br&gt;Frequency: 115.2 MHz</description>
                <styleUrl>#4</styleUrl>
                <Point id="227">
                    <coordinates>-106.28188283333333,31.81591027777778,0.0</coordinates>
                </Point>
            </Placemark>
            <Placemark id="230">
                <name>ELY</name>
                <description>Altitude Code: VH&lt;br&gt;Magnetic Deviation: E14°&lt;br&gt;City: ELY, NV&lt;br&gt;Frequency: 113.95 MHz</description>
                <styleUrl>#4</styleUrl>
                <Point id="229">
                    <coordinates>-114.84830477777777,39.29812588888889,0.0</coordinates>
                </Point>
            </Placemark>
            <Placemark id="232">
                <name>EMI</name>
                <description>Altitude Code: VH&lt;br&gt;Magnetic Deviation: W8°&lt;br&gt;City: WESTMINSTER, MD&lt;br&gt;Frequency: 117.9 MHz</description>
                <styleUrl>#4</styleUrl>
                <Point id="231">
                    <coordinates>-76.97857197222223,39.49500738888889,0.0</coordinates>
                </Point>
            </Placemark>
            <Placemark id="234">
                <name>ENA</name>
                <description>Altitude Code: H&lt;br&gt;Magnetic Deviation: E19°&lt;br&gt;City: KENAI, AK&lt;br&gt;Frequency: 117.6 MHz</description>
                <styleUrl>#4</styleUrl>
                <Point id="233">
                    <coordinates>-151.19524266666667,60.614702111111114,0.0</coordinates>
                </Point>
            </Placemark>
            <Placemark id="236">
                <name>END</name>
                <description>Altitude Code: H&lt;br&gt;Magnetic Deviation: E5°&lt;br&gt;City: ENID, OK&lt;br&gt;Frequency: 115.4 MHz</description>
                <styleUrl>#4</styleUrl>
                <Point id="235">
                    <coordinates>-97.91835555555556,36.34496666666667,0.0</coordinates>
                </Point>
            </Placemark>
            <Placemark id="238">
                <name>ENE</name>
                <description>Altitude Code: VH&lt;br&gt;Magnetic Deviation: W17°&lt;br&gt;City: KENNEBUNK, ME&lt;br&gt;Frequency: 117.1 MHz</description>
                <styleUrl>#4</styleUrl>
                <Point id="237">
                    <coordinates>-70.61352547222222,43.425672138888885,0.0</coordinates>
                </Point>
            </Placemark>
            <Placemark id="240">
                <name>ENI</name>
                <description>Altitude Code: VH&lt;br&gt;Magnetic Deviation: E16°&lt;br&gt;City: UKIAH, CA&lt;br&gt;Frequency: 112.3 MHz</description>
                <styleUrl>#4</styleUrl>
                <Point id="239">
                    <coordinates>-123.27432666666667,39.05321675,0.0</coordinates>
                </Point>
            </Placemark>
            <Placemark id="242">
                <name>ENL</name>
                <description>Altitude Code: VH&lt;br&gt;Magnetic Deviation: E4°&lt;br&gt;City: CENTRALIA, IL&lt;br&gt;Frequency: 115.0 MHz</description>
                <styleUrl>#4</styleUrl>
                <Point id="241">
                    <coordinates>-89.15899780555556,38.419998694444445,0.0</coordinates>
                </Point>
            </Placemark>
            <Placemark id="244">
                <name>ENM</name>
                <description>Altitude Code: H&lt;br&gt;Magnetic Deviation: E14°&lt;br&gt;City: EMMONAK, AK&lt;br&gt;Frequency: 117.8 MHz</description>
                <styleUrl>#4</styleUrl>
                <Point id="243">
                    <coordinates>-164.4875339722222,62.78458847222222,0.0</coordinates>
                </Point>
            </Placemark>
            <Placemark id="246">
                <name>ENN</name>
                <description>Altitude Code: H&lt;br&gt;Magnetic Deviation: E21°&lt;br&gt;City: NENANA, AK&lt;br&gt;Frequency: 115.8 MHz</description>
                <styleUrl>#4</styleUrl>
                <Point id="245">
                    <coordinates>-149.07285783333333,64.59000691666667,0.0</coordinates>
                </Point>
            </Placemark>
            <Placemark id="248">
                <name>EPH</name>
                <description>Altitude Code: VH&lt;br&gt;Magnetic Deviation: E21°&lt;br&gt;City: EPHRATA, WA&lt;br&gt;Frequency: 112.6 MHz</description>
                <styleUrl>#4</styleUrl>
                <Point id="247">
                    <coordinates>-119.42400388888889,47.37791888888889,0.0</coordinates>
                </Point>
            </Placemark>
            <Placemark id="250">
                <name>ETG</name>
                <description>Altitude Code: H&lt;br&gt;Magnetic Deviation: W10°&lt;br&gt;City: KEATING, PA&lt;br&gt;Frequency: 116.0 MHz</description>
                <styleUrl>#4</styleUrl>
                <Point id="249">
                    <coordinates>-78.1427563888889,41.21494972222222,0.0</coordinates>
                </Point>
            </Placemark>
            <Placemark id="252">
                <name>EUG</name>
                <description>Altitude Code: VH&lt;br&gt;Magnetic Deviation: E15°&lt;br&gt;City: EUGENE, OR&lt;br&gt;Frequency: 112.9 MHz</description>
                <styleUrl>#4</styleUrl>
                <Point id="251">
                    <coordinates>-123.22283125,44.12089841666667,0.0</coordinates>
                </Point>
            </Placemark>
            <Placemark id="254">
                <name>EWC</name>
                <description>Altitude Code: VH&lt;br&gt;Magnetic Deviation: W8°&lt;br&gt;City: ELLWOOD CITY, PA&lt;br&gt;Frequency: 115.8 MHz</description>
                <styleUrl>#4</styleUrl>
                <Point id="253">
                    <coordinates>-80.21154555555556,40.82493266666667,0.0</coordinates>
                </Point>
            </Placemark>
            <Placemark id="256">
                <name>EYW</name>
                <description>Altitude Code: VH&lt;br&gt;Magnetic Deviation: E1°&lt;br&gt;City: KEY WEST, FL&lt;br&gt;Frequency: 113.5 MHz</description>
                <styleUrl>#4</styleUrl>
                <Point id="255">
                    <coordinates>-81.80047633333334,24.585878277777777,0.0</coordinates>
                </Point>
            </Placemark>
            <Placemark id="258">
                <name>FAI</name>
                <description>Altitude Code: H&lt;br&gt;Magnetic Deviation: E21°&lt;br&gt;City: FAIRBANKS, AK&lt;br&gt;Frequency: 108.6 MHz</description>
                <styleUrl>#4</styleUrl>
                <Point id="257">
                    <coordinates>-148.01197588888888,64.80007047222222,0.0</coordinates>
                </Point>
            </Placemark>
            <Placemark id="260">
                <name>FAK</name>
                <description>Altitude Code: H&lt;br&gt;Magnetic Deviation: W6°&lt;br&gt;City: FLAT ROCK, VA&lt;br&gt;Frequency: 113.3 MHz</description>
                <styleUrl>#4</styleUrl>
                <Point id="259">
                    <coordinates>-77.82821916666666,37.528509444444445,0.0</coordinates>
                </Point>
            </Placemark>
            <Placemark id="262">
                <name>FAM</name>
                <description>Altitude Code: VH&lt;br&gt;Magnetic Deviation: E1°&lt;br&gt;City: FARMINGTON, MO&lt;br&gt;Frequency: 115.7 MHz</description>
                <styleUrl>#4</styleUrl>
                <Point id="261">
                    <coordinates>-90.23406127777778,37.673462888888885,0.0</coordinates>
                </Point>
            </Placemark>
            <Placemark id="264">
                <name>FAR</name>
                <description>Altitude Code: VH&lt;br&gt;Magnetic Deviation: E9°&lt;br&gt;City: FARGO, ND&lt;br&gt;Frequency: 116.2 MHz</description>
                <styleUrl>#4</styleUrl>
                <Point id="263">
                    <coordinates>-96.85131897222222,46.75333691666667,0.0</coordinates>
                </Point>
            </Placemark>
            <Placemark id="266">
                <name>FCA</name>
                <description>Altitude Code: VH&lt;br&gt;Magnetic Deviation: E18°&lt;br&gt;City: KALISPELL, MT&lt;br&gt;Frequency: 113.2 MHz</description>
                <styleUrl>#4</styleUrl>
                <Point id="265">
                    <coordinates>-114.17589072222222,48.21410244444445,0.0</coordinates>
                </Point>
            </Placemark>
            <Placemark id="268">
                <name>FFU</name>
                <description>Altitude Code: VH&lt;br&gt;Magnetic Deviation: E16°&lt;br&gt;City: PROVO, UT&lt;br&gt;Frequency: 116.6 MHz</description>
                <styleUrl>#4</styleUrl>
                <Point id="267">
                    <coordinates>-111.9405315,40.27489461111111,0.0</coordinates>
                </Point>
            </Placemark>
            <Placemark id="270">
                <name>FGT</name>
                <description>Altitude Code: VH&lt;br&gt;Magnetic Deviation: E6°&lt;br&gt;City: FARMINGTON, MN&lt;br&gt;Frequency: 115.7 MHz</description>
                <styleUrl>#4</styleUrl>
                <Point id="269">
                    <coordinates>-93.18205308333334,44.63095286111111,0.0</coordinates>
                </Point>
            </Placemark>
            <Placemark id="272">
                <name>FLG</name>
                <description>Altitude Code: VH&lt;br&gt;Magnetic Deviation: E14°&lt;br&gt;City: FLAGSTAFF, AZ&lt;br&gt;Frequency: 113.85 MHz</description>
                <styleUrl>#4</styleUrl>
                <Point id="271">
                    <coordinates>-111.67416277777778,35.14719783333333,0.0</coordinates>
                </Point>
            </Placemark>
            <Placemark id="274">
                <name>FLL</name>
                <description>Altitude Code: VH&lt;br&gt;Magnetic Deviation: W6°&lt;br&gt;City: FORT LAUDERDALE, FL&lt;br&gt;Frequency: 114.4 MHz</description>
                <styleUrl>#4</styleUrl>
                <Point id="273">
                    <coordinates>-80.16644183333334,26.07394338888889,0.0</coordinates>
                </Point>
            </Placemark>
            <Placemark id="276">
                <name>FLM</name>
                <description>Altitude Code: H&lt;br&gt;Magnetic Deviation: W4°&lt;br&gt;City: FALMOUTH, KY&lt;br&gt;Frequency: 117.0 MHz</description>
                <styleUrl>#4</styleUrl>
                <Point id="275">
                    <coordinates>-84.31060166666667,38.64944141666667,0.0</coordinates>
                </Point>
            </Placemark>
            <Placemark id="278">
                <name>FLO</name>
                <description>Altitude Code: H&lt;br&gt;Magnetic Deviation: W3°&lt;br&gt;City: FLORENCE, SC&lt;br&gt;Frequency: 115.2 MHz</description>
                <styleUrl>#4</styleUrl>
                <Point id="277">
                    <coordinates>-79.657161,34.23296813888889,0.0</coordinates>
                </Point>
            </Placemark>
            <Placemark id="280">
                <name>FMG</name>
                <description>Altitude Code: VH&lt;br&gt;Magnetic Deviation: E16°&lt;br&gt;City: RENO, NV&lt;br&gt;Frequency: 117.9 MHz</description>
                <styleUrl>#4</styleUrl>
                <Point id="279">
                    <coordinates>-119.65607586111112,39.53127736111111,0.0</coordinates>
                </Point>
            </Placemark>
            <Placemark id="282">
                <name>FNT</name>
                <description>Altitude Code: VH&lt;br&gt;Magnetic Deviation: W6°&lt;br&gt;City: FLINT, MI&lt;br&gt;Frequency: 116.9 MHz</description>
                <styleUrl>#4</styleUrl>
                <Point id="281">
                    <coordinates>-83.74698780555556,42.9667665,0.0</coordinates>
                </Point>
            </Placemark>
            <Placemark id="284">
                <name>FOF</name>
                <description>Altitude Code: H&lt;br&gt;Magnetic Deviation: W15°&lt;br&gt;City: FORT DE FRANCE, nan&lt;br&gt;Frequency: 113.3 MHz</description>
                <styleUrl>#4</styleUrl>
                <Point id="283">
                    <coordinates>-61.02280555555556,14.59075,0.0</coordinates>
                </Point>
            </Placemark>
            <Placemark id="286">
                <name>FQF</name>
                <description>Altitude Code: VH&lt;br&gt;Magnetic Deviation: E11°&lt;br&gt;City: DENVER, CO&lt;br&gt;Frequency: 116.3 MHz</description>
                <styleUrl>#4</styleUrl>
                <Point id="285">
                    <coordinates>-104.62097222222222,39.69013888888889,0.0</coordinates>
                </Point>
            </Placemark>
            <Placemark id="288">
                <name>FSD</name>
                <description>Altitude Code: VH&lt;br&gt;Magnetic Deviation: E9°&lt;br&gt;City: SIOUX FALLS, SD&lt;br&gt;Frequency: 115.0 MHz</description>
                <styleUrl>#4</styleUrl>
                <Point id="287">
                    <coordinates>-96.78112502777778,43.64949047222222,0.0</coordinates>
                </Point>
            </Placemark>
            <Placemark id="290">
                <name>FST</name>
                <description>Altitude Code: VH&lt;br&gt;Magnetic Deviation: E11°&lt;br&gt;City: FORT STOCKTON, TX&lt;br&gt;Frequency: 116.9 MHz</description>
                <styleUrl>#4</styleUrl>
                <Point id="289">
                    <coordinates>-102.97571136111111,30.952107055555555,0.0</coordinates>
                </Point>
            </Placemark>
            <Placemark id="292">
                <name>FTI</name>
                <description>Altitude Code: VH&lt;br&gt;Magnetic Deviation: E13°&lt;br&gt;City: LAS VEGAS, NM&lt;br&gt;Frequency: 117.3 MHz</description>
                <styleUrl>#4</styleUrl>
                <Point id="291">
                    <coordinates>-105.13559641666667,35.6575495,0.0</coordinates>
                </Point>
            </Placemark>
            <Placemark id="294">
                <name>FUZ</name>
                <description>Altitude Code: VH&lt;br&gt;Magnetic Deviation: E6°&lt;br&gt;City: DALLAS-FORT WORTH, TX&lt;br&gt;Frequency: 115.7 MHz</description>
                <styleUrl>#4</styleUrl>
                <Point id="293">
                    <coordinates>-97.1794258888889,32.88944880555555,0.0</coordinates>
                </Point>
            </Placemark>
            <Placemark id="296">
                <name>FWA</name>
                <description>Altitude Code: VH&lt;br&gt;Magnetic Deviation: W6°&lt;br&gt;City: FORT WAYNE, IN&lt;br&gt;Frequency: 117.8 MHz</description>
                <styleUrl>#4</styleUrl>
                <Point id="295">
                    <coordinates>-85.18805811111112,40.97906430555556,0.0</coordinates>
                </Point>
            </Placemark>
            <Placemark id="298">
                <name>FYU</name>
                <description>Altitude Code: H&lt;br&gt;Magnetic Deviation: E20°&lt;br&gt;City: FORT YUKON, AK&lt;br&gt;Frequency: 114.4 MHz</description>
                <styleUrl>#4</styleUrl>
                <Point id="297">
                    <coordinates>-145.27665708333333,66.57425377777777,0.0</coordinates>
                </Point>
            </Placemark>
            <Placemark id="300">
                <name>GAL</name>
                <description>Altitude Code: H&lt;br&gt;Magnetic Deviation: E12°&lt;br&gt;City: GALENA, AK&lt;br&gt;Frequency: 114.8 MHz</description>
                <styleUrl>#4</styleUrl>
                <Point id="299">
                    <coordinates>-156.77713611111113,64.73812777777778,0.0</coordinates>
                </Point>
            </Placemark>
            <Placemark id="302">
                <name>GBN</name>
                <description>Altitude Code: VH&lt;br&gt;Magnetic Deviation: E14°&lt;br&gt;City: GILA BEND, AZ&lt;br&gt;Frequency: 116.6 MHz</description>
                <styleUrl>#4</styleUrl>
                <Point id="301">
                    <coordinates>-112.67427166666667,32.95625833333334,0.0</coordinates>
                </Point>
            </Placemark>
            <Placemark id="304">
                <name>GCC</name>
                <description>Altitude Code: VH&lt;br&gt;Magnetic Deviation: E9°&lt;br&gt;City: GILLETTE, WY&lt;br&gt;Frequency: 114.6 MHz</description>
                <styleUrl>#4</styleUrl>
                <Point id="303">
                    <coordinates>-105.54348588888888,44.34777291666667,0.0</coordinates>
                </Point>
            </Placemark>
            <Placemark id="306">
                <name>GCK</name>
                <description>Altitude Code: VH&lt;br&gt;Magnetic Deviation: E11°&lt;br&gt;City: GARDEN CITY, KS&lt;br&gt;Frequency: 113.3 MHz</description>
                <styleUrl>#4</styleUrl>
                <Point id="305">
                    <coordinates>-100.7250086388889,37.91900372222222,0.0</coordinates>
                </Point>
            </Placemark>
            <Placemark id="308">
                <name>GEG</name>
                <description>Altitude Code: VH&lt;br&gt;Magnetic Deviation: E14°&lt;br&gt;City: SPOKANE, WA&lt;br&gt;Frequency: 115.5 MHz</description>
                <styleUrl>#4</styleUrl>
                <Point id="307">
                    <coordinates>-117.62688583333333,47.56494583333333,0.0</coordinates>
                </Point>
            </Placemark>
            <Placemark id="310">
                <name>GEP</name>
                <description>Altitude Code: VH&lt;br&gt;Magnetic Deviation: E6°&lt;br&gt;City: MINNEAPOLIS, MN&lt;br&gt;Frequency: 117.3 MHz</description>
                <styleUrl>#4</styleUrl>
                <Point id="309">
                    <coordinates>-93.37318094444444,45.14568488888889,0.0</coordinates>
                </Point>
            </Placemark>
            <Placemark id="312">
                <name>GFK</name>
                <description>Altitude Code: VH&lt;br&gt;Magnetic Deviation: E9°&lt;br&gt;City: GRAND FORKS, ND&lt;br&gt;Frequency: 114.3 MHz</description>
                <styleUrl>#4</styleUrl>
                <Point id="311">
                    <coordinates>-97.18537044444444,47.95483336111111,0.0</coordinates>
                </Point>
            </Placemark>
            <Placemark id="314">
                <name>GGW</name>
                <description>Altitude Code: VH&lt;br&gt;Magnetic Deviation: E14°&lt;br&gt;City: GLASGOW, MT&lt;br&gt;Frequency: 113.9 MHz</description>
                <styleUrl>#4</styleUrl>
                <Point id="313">
                    <coordinates>-106.62541916666666,48.215304361111116,0.0</coordinates>
                </Point>
            </Placemark>
            <Placemark id="316">
                <name>GIJ</name>
                <description>Altitude Code: H&lt;br&gt;Magnetic Deviation: E0°&lt;br&gt;City: NILES, MI&lt;br&gt;Frequency: 115.4 MHz</description>
                <styleUrl>#4</styleUrl>
                <Point id="315">
                    <coordinates>-86.31845188888889,41.76861125,0.0</coordinates>
                </Point>
            </Placemark>
            <Placemark id="318">
                <name>GKN</name>
                <description>Altitude Code: H&lt;br&gt;Magnetic Deviation: E17°&lt;br&gt;City: GULKANA, AK&lt;br&gt;Frequency: 115.6 MHz</description>
                <styleUrl>#4</styleUrl>
                <Point id="317">
                    <coordinates>-145.44736494444444,62.153753055555555,0.0</coordinates>
                </Point>
            </Placemark>
            <Placemark id="320">
                <name>GLD</name>
                <description>Altitude Code: H&lt;br&gt;Magnetic Deviation: E12°&lt;br&gt;City: GOODLAND, KS&lt;br&gt;Frequency: 115.1 MHz</description>
                <styleUrl>#4</styleUrl>
                <Point id="319">
                    <coordinates>-101.69229655555556,39.38786783333333,0.0</coordinates>
                </Point>
            </Placemark>
            <Placemark id="322">
                <name>GLL</name>
                <description>Altitude Code: VH&lt;br&gt;Magnetic Deviation: E13°&lt;br&gt;City: GILL, CO&lt;br&gt;Frequency: 114.2 MHz</description>
                <styleUrl>#4</styleUrl>
                <Point id="321">
                    <coordinates>-104.55301322222222,40.50386561111111,0.0</coordinates>
                </Point>
            </Placemark>
            <Placemark id="324">
                <name>GRB</name>
                <description>Altitude Code: VH&lt;br&gt;Magnetic Deviation: E1°&lt;br&gt;City: GREEN BAY, WI&lt;br&gt;Frequency: 115.5 MHz</description>
                <styleUrl>#4</styleUrl>
                <Point id="323">
                    <coordinates>-88.19485719444445,44.555160027777774,0.0</coordinates>
                </Point>
            </Placemark>
            <Placemark id="326">
                <name>GSO</name>
                <description>Altitude Code: VH&lt;br&gt;Magnetic Deviation: W3°&lt;br&gt;City: GREENSBORO, NC&lt;br&gt;Frequency: 116.2 MHz</description>
                <styleUrl>#4</styleUrl>
                <Point id="325">
                    <coordinates>-79.976371,36.045693,0.0</coordinates>
                </Point>
            </Placemark>
            <Placemark id="328">
                <name>GTF</name>
                <description>Altitude Code: VH&lt;br&gt;Magnetic Deviation: E16°&lt;br&gt;City: GREAT FALLS, MT&lt;br&gt;Frequency: 115.1 MHz</description>
                <styleUrl>#4</styleUrl>
                <Point id="327">
                    <coordinates>-111.41216475,47.44998008333333,0.0</coordinates>
                </Point>
            </Placemark>
            <Placemark id="330">
                <name>GTK</name>
                <description>Altitude Code: H&lt;br&gt;Magnetic Deviation: W11°&lt;br&gt;City: GRAND TURK ISLAND, nan&lt;br&gt;Frequency: 114.2 MHz</description>
                <styleUrl>#4</styleUrl>
                <Point id="329">
                    <coordinates>-71.13436616666667,21.440658222222222,0.0</coordinates>
                </Point>
            </Placemark>
            <Placemark id="332">
                <name>GUP</name>
                <description>Altitude Code: VH&lt;br&gt;Magnetic Deviation: E14°&lt;br&gt;City: GALLUP, NM&lt;br&gt;Frequency: 115.1 MHz</description>
                <styleUrl>#4</styleUrl>
                <Point id="331">
                    <coordinates>-108.87261452777777,35.476000722222224,0.0</coordinates>
                </Point>
            </Placemark>
            <Placemark id="334">
                <name>GVE</name>
                <description>Altitude Code: VH&lt;br&gt;Magnetic Deviation: W6°&lt;br&gt;City: GORDONSVILLE, VA&lt;br&gt;Frequency: 115.6 MHz</description>
                <styleUrl>#4</styleUrl>
                <Point id="333">
                    <coordinates>-78.15302658333334,38.01359938888889,0.0</coordinates>
                </Point>
            </Placemark>
            <Placemark id="336">
                <name>HBU</name>
                <description>Altitude Code: VH&lt;br&gt;Magnetic Deviation: E14°&lt;br&gt;City: GUNNISON, CO&lt;br&gt;Frequency: 114.9 MHz</description>
                <styleUrl>#4</styleUrl>
                <Point id="335">
                    <coordinates>-107.03971411111111,38.45211641666667,0.0</coordinates>
                </Point>
            </Placemark>
            <Placemark id="338">
                <name>HCT</name>
                <description>Altitude Code: VH&lt;br&gt;Magnetic Deviation: E11°&lt;br&gt;City: HAYES CENTER, NE&lt;br&gt;Frequency: 117.7 MHz</description>
                <styleUrl>#4</styleUrl>
                <Point id="337">
                    <coordinates>-100.92357333333334,40.45406083333334,0.0</coordinates>
                </Point>
            </Placemark>
            <Placemark id="340">
                <name>HEC</name>
                <description>Altitude Code: VH&lt;br&gt;Magnetic Deviation: E15°&lt;br&gt;City: HECTOR, CA&lt;br&gt;Frequency: 112.7 MHz</description>
                <styleUrl>#4</styleUrl>
                <Point id="339">
                    <coordinates>-116.46292202777778,34.79701791666667,0.0</coordinates>
                </Point>
            </Placemark>
            <Placemark id="342">
                <name>HGO</name>
                <description>Altitude Code: VH&lt;br&gt;Magnetic Deviation: E7°&lt;br&gt;City: HUGO, CO&lt;br&gt;Frequency: 112.1 MHz</description>
                <styleUrl>#4</styleUrl>
                <Point id="341">
                    <coordinates>-103.62138888888889,38.8175,0.0</coordinates>
                </Point>
            </Placemark>
            <Placemark id="344">
                <name>HIA</name>
                <description>Altitude Code: VH&lt;br&gt;Magnetic Deviation: E18°&lt;br&gt;City: WHITEHALL, MT&lt;br&gt;Frequency: 113.7 MHz</description>
                <styleUrl>#4</styleUrl>
                <Point id="343">
                    <coordinates>-112.16960852777778,45.86178761111111,0.0</coordinates>
                </Point>
            </Placemark>
            <Placemark id="346">
                <name>HLC</name>
                <description>Altitude Code: VH&lt;br&gt;Magnetic Deviation: E8°&lt;br&gt;City: HILL CITY, KS&lt;br&gt;Frequency: 113.7 MHz</description>
                <styleUrl>#4</styleUrl>
                <Point id="345">
                    <coordinates>-100.22585027777778,39.25874666666667,0.0</coordinates>
                </Point>
            </Placemark>
            <Placemark id="348">
                <name>HLN</name>
                <description>Altitude Code: VH&lt;br&gt;Magnetic Deviation: E12°&lt;br&gt;City: HELENA, MT&lt;br&gt;Frequency: 117.7 MHz</description>
                <styleUrl>#4</styleUrl>
                <Point id="347">
                    <coordinates>-111.95347516666666,46.60682138888889,0.0</coordinates>
                </Point>
            </Placemark>
            <Placemark id="350">
                <name>HNK</name>
                <description>Altitude Code: H&lt;br&gt;Magnetic Deviation: W11°&lt;br&gt;City: HANCOCK, NY&lt;br&gt;Frequency: 116.8 MHz</description>
                <styleUrl>#4</styleUrl>
                <Point id="349">
                    <coordinates>-75.31628444444443,42.06305694444444,0.0</coordinates>
                </Point>
            </Placemark>
            <Placemark id="352">
                <name>HNL</name>
                <description>Altitude Code: H&lt;br&gt;Magnetic Deviation: E11°&lt;br&gt;City: HONOLULU, HI&lt;br&gt;Frequency: 114.8 MHz</description>
                <styleUrl>#4</styleUrl>
                <Point id="351">
                    <coordinates>-157.93041113888887,21.308321694444444,0.0</coordinates>
                </Point>
            </Placemark>
            <Placemark id="354">
                <name>HOM</name>
                <description>Altitude Code: H&lt;br&gt;Magnetic Deviation: E15°&lt;br&gt;City: HOMER, AK&lt;br&gt;Frequency: 114.6 MHz</description>
                <styleUrl>#4</styleUrl>
                <Point id="353">
                    <coordinates>-151.45659894444444,59.709429166666666,0.0</coordinates>
                </Point>
            </Placemark>
            <Placemark id="356">
                <name>HPB</name>
                <description>Altitude Code: H&lt;br&gt;Magnetic Deviation: E13°&lt;br&gt;City: HOOPER BAY, AK&lt;br&gt;Frequency: 115.2 MHz</description>
                <styleUrl>#4</styleUrl>
                <Point id="355">
                    <coordinates>-166.13448055555554,61.514347388888886,0.0</coordinates>
                </Point>
            </Placemark>
            <Placemark id="358">
                <name>HQM</name>
                <description>Altitude Code: VH&lt;br&gt;Magnetic Deviation: E19°&lt;br&gt;City: HOQUIAM, WA&lt;br&gt;Frequency: 117.7 MHz</description>
                <styleUrl>#4</styleUrl>
                <Point id="357">
                    <coordinates>-124.1492688888889,46.94704041666667,0.0</coordinates>
                </Point>
            </Placemark>
            <Placemark id="360">
                <name>HRV</name>
                <description>Altitude Code: VH&lt;br&gt;Magnetic Deviation: E2°&lt;br&gt;City: NEW ORLEANS, LA&lt;br&gt;Frequency: 114.1 MHz</description>
                <styleUrl>#4</styleUrl>
                <Point id="359">
                    <coordinates>-90.00298416666666,29.850194722222223,0.0</coordinates>
                </Point>
            </Placemark>
            <Placemark id="362">
                <name>HSL</name>
                <description>Altitude Code: H&lt;br&gt;Magnetic Deviation: E19°&lt;br&gt;City: HUSLIA, AK&lt;br&gt;Frequency: 117.4 MHz</description>
                <styleUrl>#4</styleUrl>
                <Point id="361">
                    <coordinates>-156.36308652777777,65.70787619444445,0.0</coordinates>
                </Point>
            </Placemark>
            <Placemark id="364">
                <name>HTO</name>
                <description>Altitude Code: H&lt;br&gt;Magnetic Deviation: W13°&lt;br&gt;City: EAST HAMPTON, NY&lt;br&gt;Frequency: 113.6 MHz</description>
                <styleUrl>#4</styleUrl>
                <Point id="363">
                    <coordinates>-72.3167043611111,40.91899572222222,0.0</coordinates>
                </Point>
            </Placemark>
            <Placemark id="366">
                <name>HUO</name>
                <description>Altitude Code: H&lt;br&gt;Magnetic Deviation: W11°&lt;br&gt;City: HUGUENOT, NY&lt;br&gt;Frequency: 116.1 MHz</description>
                <styleUrl>#4</styleUrl>
                <Point id="365">
                    <coordinates>-74.59159425,41.40968661111111,0.0</coordinates>
                </Point>
            </Placemark>
            <Placemark id="368">
                <name>HVE</name>
                <description>Altitude Code: VH&lt;br&gt;Magnetic Deviation: E15°&lt;br&gt;City: HANKSVILLE, UT&lt;br&gt;Frequency: 115.9 MHz</description>
                <styleUrl>#4</styleUrl>
                <Point id="367">
                    <coordinates>-110.69974061111111,38.41680833333333,0.0</coordinates>
                </Point>
            </Placemark>
            <Placemark id="370">
                <name>HVQ</name>
                <description>Altitude Code: H&lt;br&gt;Magnetic Deviation: W3°&lt;br&gt;City: CHARLESTON, WV&lt;br&gt;Frequency: 117.4 MHz</description>
                <styleUrl>#4</styleUrl>
                <Point id="369">
                    <coordinates>-81.76991455555556,38.349676,0.0</coordinates>
                </Point>
            </Placemark>
            <Placemark id="372">
                <name>IAH</name>
                <description>Altitude Code: H&lt;br&gt;Magnetic Deviation: E5°&lt;br&gt;City: HOUSTON, TX&lt;br&gt;Frequency: 116.6 MHz</description>
                <styleUrl>#4</styleUrl>
                <Point id="371">
                    <coordinates>-95.34571902777778,29.956917027777777,0.0</coordinates>
                </Point>
            </Placemark>
            <Placemark id="374">
                <name>ICT</name>
                <description>Altitude Code: H&lt;br&gt;Magnetic Deviation: E7°&lt;br&gt;City: WICHITA, KS&lt;br&gt;Frequency: 113.8 MHz</description>
                <styleUrl>#4</styleUrl>
                <Point id="373">
                    <coordinates>-97.58382833333333,37.74525719444445,0.0</coordinates>
                </Point>
            </Placemark>
            <Placemark id="376">
                <name>IDA</name>
                <description>Altitude Code: VH&lt;br&gt;Magnetic Deviation: E15°&lt;br&gt;City: IDAHO FALLS, ID&lt;br&gt;Frequency: 113.85 MHz</description>
                <styleUrl>#4</styleUrl>
                <Point id="375">
                    <coordinates>-112.06391694444444,43.51900525,0.0</coordinates>
                </Point>
            </Placemark>
            <Placemark id="378">
                <name>IIU</name>
                <description>Altitude Code: H&lt;br&gt;Magnetic Deviation: E1°&lt;br&gt;City: LOUISVILLE, KY&lt;br&gt;Frequency: 114.8 MHz</description>
                <styleUrl>#4</styleUrl>
                <Point id="377">
                    <coordinates>-85.57743658333332,38.10346438888889,0.0</coordinates>
                </Point>
            </Placemark>
            <Placemark id="380">
                <name>ILC</name>
                <description>Altitude Code: VH&lt;br&gt;Magnetic Deviation: E16°&lt;br&gt;City: WILSON CREEK, NV&lt;br&gt;Frequency: 116.3 MHz</description>
                <styleUrl>#4</styleUrl>
                <Point id="379">
                    <coordinates>-114.3942263888889,38.25019277777778,0.0</coordinates>
                </Point>
            </Placemark>
            <Placemark id="382">
                <name>ILM</name>
                <description>Altitude Code: H&lt;br&gt;Magnetic Deviation: W7°&lt;br&gt;City: WILMINGTON, NC&lt;br&gt;Frequency: 117.0 MHz</description>
                <styleUrl>#4</styleUrl>
                <Point id="381">
                    <coordinates>-77.87438038888888,34.351648222222224,0.0</coordinates>
                </Point>
            </Placemark>
            <Placemark id="384">
                <name>IMB</name>
                <description>Altitude Code: VH&lt;br&gt;Magnetic Deviation: E20°&lt;br&gt;City: KIMBERLY, OR&lt;br&gt;Frequency: 115.6 MHz</description>
                <styleUrl>#4</styleUrl>
                <Point id="383">
                    <coordinates>-119.71163138888889,44.64839166666667,0.0</coordinates>
                </Point>
            </Placemark>
            <Placemark id="386">
                <name>INK</name>
                <description>Altitude Code: VH&lt;br&gt;Magnetic Deviation: E11°&lt;br&gt;City: WINK, TX&lt;br&gt;Frequency: 112.1 MHz</description>
                <styleUrl>#4</styleUrl>
                <Point id="385">
                    <coordinates>-103.24377722222222,31.87476336111111,0.0</coordinates>
                </Point>
            </Placemark>
            <Placemark id="388">
                <name>INW</name>
                <description>Altitude Code: VH&lt;br&gt;Magnetic Deviation: E14°&lt;br&gt;City: WINSLOW, AZ&lt;br&gt;Frequency: 112.6 MHz</description>
                <styleUrl>#4</styleUrl>
                <Point id="387">
                    <coordinates>-110.79501961111112,35.06159977777777,0.0</coordinates>
                </Point>
            </Placemark>
            <Placemark id="390">
                <name>IOW</name>
                <description>Altitude Code: VH&lt;br&gt;Magnetic Deviation: E5°&lt;br&gt;City: IOWA CITY, IA&lt;br&gt;Frequency: 116.2 MHz</description>
                <styleUrl>#4</styleUrl>
                <Point id="389">
                    <coordinates>-91.61325252777777,41.518960194444446,0.0</coordinates>
                </Point>
            </Placemark>
            <Placemark id="392">
                <name>IPL</name>
                <description>Altitude Code: VH&lt;br&gt;Magnetic Deviation: E14°&lt;br&gt;City: IMPERIAL, CA&lt;br&gt;Frequency: 115.9 MHz</description>
                <styleUrl>#4</styleUrl>
                <Point id="391">
                    <coordinates>-115.50858202777778,32.74886661111111,0.0</coordinates>
                </Point>
            </Placemark>
            <Placemark id="394">
                <name>IRK</name>
                <description>Altitude Code: H&lt;br&gt;Magnetic Deviation: E6°&lt;br&gt;City: KIRKSVILLE, MO&lt;br&gt;Frequency: 114.6 MHz</description>
                <styleUrl>#4</styleUrl>
                <Point id="393">
                    <coordinates>-92.59171463888889,40.13501772222222,0.0</coordinates>
                </Point>
            </Placemark>
            <Placemark id="396">
                <name>IRQ</name>
                <description>Altitude Code: VH&lt;br&gt;Magnetic Deviation: W4°&lt;br&gt;City: COLLIERS, SC&lt;br&gt;Frequency: 113.9 MHz</description>
                <styleUrl>#4</styleUrl>
                <Point id="395">
                    <coordinates>-82.16206444444445,33.70735333333334,0.0</coordinates>
                </Point>
            </Placemark>
            <Placemark id="398">
                <name>IRW</name>
                <description>Altitude Code: H&lt;br&gt;Magnetic Deviation: E7°&lt;br&gt;City: OKLAHOMA CITY, OK&lt;br&gt;Frequency: 114.1 MHz</description>
                <styleUrl>#4</styleUrl>
                <Point id="397">
                    <coordinates>-97.60922822222221,35.35859655555556,0.0</coordinates>
                </Point>
            </Placemark>
            <Placemark id="400">
                <name>ITO</name>
                <description>Altitude Code: H&lt;br&gt;Magnetic Deviation: E11°&lt;br&gt;City: HILO, HI&lt;br&gt;Frequency: 116.9 MHz</description>
                <styleUrl>#4</styleUrl>
                <Point id="399">
                    <coordinates>-155.01095416666666,19.721350555555553,0.0</coordinates>
                </Point>
            </Placemark>
            <Placemark id="402">
                <name>JCT</name>
                <description>Altitude Code: H&lt;br&gt;Magnetic Deviation: E8°&lt;br&gt;City: JUNCTION, TX&lt;br&gt;Frequency: 116.0 MHz</description>
                <styleUrl>#4</styleUrl>
                <Point id="401">
                    <coordinates>-99.817481,30.59802113888889,0.0</coordinates>
                </Point>
            </Placemark>
            <Placemark id="404">
                <name>JFK</name>
                <description>Altitude Code: VH&lt;br&gt;Magnetic Deviation: W12°&lt;br&gt;City: NEW YORK, NY&lt;br&gt;Frequency: 115.9 MHz</description>
                <styleUrl>#4</styleUrl>
                <Point id="403">
                    <coordinates>-73.77139174999999,40.63288377777778,0.0</coordinates>
                </Point>
            </Placemark>
            <Placemark id="406">
                <name>JHW</name>
                <description>Altitude Code: VH&lt;br&gt;Magnetic Deviation: W7°&lt;br&gt;City: JAMESTOWN, NY&lt;br&gt;Frequency: 114.7 MHz</description>
                <styleUrl>#4</styleUrl>
                <Point id="405">
                    <coordinates>-79.12130763888888,42.188606944444444,0.0</coordinates>
                </Point>
            </Placemark>
            <Placemark id="408">
                <name>JNC</name>
                <description>Altitude Code: VH&lt;br&gt;Magnetic Deviation: E15°&lt;br&gt;City: GRAND JUNCTION, CO&lt;br&gt;Frequency: 112.4 MHz</description>
                <styleUrl>#4</styleUrl>
                <Point id="407">
                    <coordinates>-108.79257388888888,39.05956555555555,0.0</coordinates>
                </Point>
            </Placemark>
            <Placemark id="410">
                <name>JOH</name>
                <description>Altitude Code: H&lt;br&gt;Magnetic Deviation: E18°&lt;br&gt;City: JOHNSTONE POINT, AK&lt;br&gt;Frequency: 116.7 MHz</description>
                <styleUrl>#4</styleUrl>
                <Point id="409">
                    <coordinates>-146.59933527777778,60.48095222222222,0.0</coordinates>
                </Point>
            </Placemark>
            <Placemark id="412">
                <name>JOT</name>
                <description>Altitude Code: VH&lt;br&gt;Magnetic Deviation: E2°&lt;br&gt;City: JOLIET, IL&lt;br&gt;Frequency: 112.3 MHz</description>
                <styleUrl>#4</styleUrl>
                <Point id="411">
                    <coordinates>-88.31841055555554,41.546418527777774,0.0</coordinates>
                </Point>
            </Placemark>
            <Placemark id="414">
                <name>KOA</name>
                <description>Altitude Code: H&lt;br&gt;Magnetic Deviation: E11°&lt;br&gt;City: KAILUA-KONA, HI&lt;br&gt;Frequency: 112.1 MHz</description>
                <styleUrl>#4</styleUrl>
                <Point id="413">
                    <coordinates>-156.04492030555556,19.717238888888886,0.0</coordinates>
                </Point>
            </Placemark>
            <Placemark id="416">
                <name>LAA</name>
                <description>Altitude Code: VH&lt;br&gt;Magnetic Deviation: E12°&lt;br&gt;City: LAMAR, CO&lt;br&gt;Frequency: 116.9 MHz</description>
                <styleUrl>#4</styleUrl>
                <Point id="415">
                    <coordinates>-102.68753233333334,38.19709202777778,0.0</coordinates>
                </Point>
            </Placemark>
            <Placemark id="418">
                <name>LAL</name>
                <description>Altitude Code: VH&lt;br&gt;Magnetic Deviation: E1°&lt;br&gt;City: LAKELAND, FL&lt;br&gt;Frequency: 116.0 MHz</description>
                <styleUrl>#4</styleUrl>
                <Point id="417">
                    <coordinates>-82.01390436111112,27.986197166666667,0.0</coordinates>
                </Point>
            </Placemark>
            <Placemark id="420">
                <name>LAS</name>
                <description>Altitude Code: VH&lt;br&gt;Magnetic Deviation: E15°&lt;br&gt;City: LAS VEGAS, NV&lt;br&gt;Frequency: 116.9 MHz</description>
                <styleUrl>#4</styleUrl>
                <Point id="419">
                    <coordinates>-115.15979791666668,36.079701472222226,0.0</coordinates>
                </Point>
            </Placemark>
            <Placemark id="422">
                <name>LAX</name>
                <description>Altitude Code: VH&lt;br&gt;Magnetic Deviation: E15°&lt;br&gt;City: LOS ANGELES, CA&lt;br&gt;Frequency: 113.6 MHz</description>
                <styleUrl>#4</styleUrl>
                <Point id="421">
                    <coordinates>-118.43201277777779,33.933149111111106,0.0</coordinates>
                </Point>
            </Placemark>
            <Placemark id="424">
                <name>LCH</name>
                <description>Altitude Code: VH&lt;br&gt;Magnetic Deviation: E7°&lt;br&gt;City: LAKE CHARLES, LA&lt;br&gt;Frequency: 113.4 MHz</description>
                <styleUrl>#4</styleUrl>
                <Point id="423">
                    <coordinates>-93.10556916666665,30.14151361111111,0.0</coordinates>
                </Point>
            </Placemark>
            <Placemark id="426">
                <name>LCU</name>
                <description>Altitude Code: VH&lt;br&gt;Magnetic Deviation: E17°&lt;br&gt;City: LUCIN, UT&lt;br&gt;Frequency: 113.6 MHz</description>
                <styleUrl>#4</styleUrl>
                <Point id="425">
                    <coordinates>-113.84061944444444,41.36295166666667,0.0</coordinates>
                </Point>
            </Placemark>
            <Placemark id="428">
                <name>LEV</name>
                <description>Altitude Code: VH&lt;br&gt;Magnetic Deviation: E2°&lt;br&gt;City: GRAND ISLE, LA&lt;br&gt;Frequency: 113.5 MHz</description>
                <styleUrl>#4</styleUrl>
                <Point id="427">
                    <coordinates>-90.10401916666666,29.175229444444447,0.0</coordinates>
                </Point>
            </Placemark>
            <Placemark id="430">
                <name>LFK</name>
                <description>Altitude Code: VH&lt;br&gt;Magnetic Deviation: E5°&lt;br&gt;City: LUFKIN, TX&lt;br&gt;Frequency: 112.1 MHz</description>
                <styleUrl>#4</styleUrl>
                <Point id="429">
                    <coordinates>-94.71683261111112,31.16244188888889,0.0</coordinates>
                </Point>
            </Placemark>
            <Placemark id="432">
                <name>LFV</name>
                <description>Altitude Code: VH&lt;br&gt;Magnetic Deviation: W16°&lt;br&gt;City: NORTH TRURO, MA&lt;br&gt;Frequency: 114.7 MHz</description>
                <styleUrl>#4</styleUrl>
                <Point id="431">
                    <coordinates>-70.03723258333333,42.01718772222222,0.0</coordinates>
                </Point>
            </Placemark>
            <Placemark id="434">
                <name>LGC</name>
                <description>Altitude Code: VH&lt;br&gt;Magnetic Deviation: E1°&lt;br&gt;City: LAGRANGE, GA&lt;br&gt;Frequency: 115.6 MHz</description>
                <styleUrl>#4</styleUrl>
                <Point id="433">
                    <coordinates>-85.20622144444445,33.04911877777778,0.0</coordinates>
                </Point>
            </Placemark>
            <Placemark id="436">
                <name>LHS</name>
                <description>Altitude Code: H&lt;br&gt;Magnetic Deviation: E15°&lt;br&gt;City: LAKE HUGHES, CA&lt;br&gt;Frequency: 114.35 MHz</description>
                <styleUrl>#4</styleUrl>
                <Point id="435">
                    <coordinates>-118.57693805555556,34.68297333333333,0.0</coordinates>
                </Point>
            </Placemark>
            <Placemark id="438">
                <name>LIH</name>
                <description>Altitude Code: H&lt;br&gt;Magnetic Deviation: E11°&lt;br&gt;City: LIHUE, HI&lt;br&gt;Frequency: 113.5 MHz</description>
                <styleUrl>#4</styleUrl>
                <Point id="437">
                    <coordinates>-159.33809980555557,21.965271333333334,0.0</coordinates>
                </Point>
            </Placemark>
            <Placemark id="440">
                <name>LIN</name>
                <description>Altitude Code: VH&lt;br&gt;Magnetic Deviation: E17°&lt;br&gt;City: LINDEN, CA&lt;br&gt;Frequency: 114.8 MHz</description>
                <styleUrl>#4</styleUrl>
                <Point id="439">
                    <coordinates>-121.00385797222222,38.07458047222222,0.0</coordinates>
                </Point>
            </Placemark>
            <Placemark id="442">
                <name>LIT</name>
                <description>Altitude Code: VH&lt;br&gt;Magnetic Deviation: W0°&lt;br&gt;City: LITTLE ROCK, AR&lt;br&gt;Frequency: 115.1 MHz</description>
                <styleUrl>#4</styleUrl>
                <Point id="441">
                    <coordinates>-92.15206666666667,34.8101,0.0</coordinates>
                </Point>
            </Placemark>
            <Placemark id="444">
                <name>LKT</name>
                <description>Altitude Code: VH&lt;br&gt;Magnetic Deviation: E13°&lt;br&gt;City: SALMON, ID&lt;br&gt;Frequency: 113.5 MHz</description>
                <styleUrl>#4</styleUrl>
                <Point id="443">
                    <coordinates>-114.08423666666665,45.02131166666666,0.0</coordinates>
                </Point>
            </Placemark>
            <Placemark id="446">
                <name>LKV</name>
                <description>Altitude Code: VH&lt;br&gt;Magnetic Deviation: E19°&lt;br&gt;City: LAKEVIEW, OR&lt;br&gt;Frequency: 112.0 MHz</description>
                <styleUrl>#4</styleUrl>
                <Point id="445">
                    <coordinates>-120.50710441666666,42.492843111111114,0.0</coordinates>
                </Point>
            </Placemark>
            <Placemark id="448">
                <name>LMN</name>
                <description>Altitude Code: VH&lt;br&gt;Magnetic Deviation: E7°&lt;br&gt;City: LAMONI, IA&lt;br&gt;Frequency: 116.7 MHz</description>
                <styleUrl>#4</styleUrl>
                <Point id="447">
                    <coordinates>-93.967592,40.59676452777778,0.0</coordinates>
                </Point>
            </Placemark>
            <Placemark id="450">
                <name>LMT</name>
                <description>Altitude Code: VH&lt;br&gt;Magnetic Deviation: E17°&lt;br&gt;City: KLAMATH FALLS, OR&lt;br&gt;Frequency: 115.9 MHz</description>
                <styleUrl>#4</styleUrl>
                <Point id="449">
                    <coordinates>-121.72752827777778,42.15314158333333,0.0</coordinates>
                </Point>
            </Placemark>
            <Placemark id="452">
                <name>LNK</name>
                <description>Altitude Code: VH&lt;br&gt;Magnetic Deviation: E9°&lt;br&gt;City: LINCOLN, NE&lt;br&gt;Frequency: 116.1 MHz</description>
                <styleUrl>#4</styleUrl>
                <Point id="451">
                    <coordinates>-96.7420095,40.92379347222222,0.0</coordinates>
                </Point>
            </Placemark>
            <Placemark id="454">
                <name>LNY</name>
                <description>Altitude Code: H&lt;br&gt;Magnetic Deviation: E11°&lt;br&gt;City: LANAI CITY, HI&lt;br&gt;Frequency: 117.7 MHz</description>
                <styleUrl>#4</styleUrl>
                <Point id="453">
                    <coordinates>-156.96889997222223,20.76450377777778,0.0</coordinates>
                </Point>
            </Placemark>
            <Placemark id="456">
                <name>LRD</name>
                <description>Altitude Code: VH&lt;br&gt;Magnetic Deviation: E9°&lt;br&gt;City: LAREDO, TX&lt;br&gt;Frequency: 117.4 MHz</description>
                <styleUrl>#4</styleUrl>
                <Point id="455">
                    <coordinates>-99.41767891666667,27.47873733333333,0.0</coordinates>
                </Point>
            </Placemark>
            <Placemark id="458">
                <name>LTJ</name>
                <description>Altitude Code: VH&lt;br&gt;Magnetic Deviation: E21°&lt;br&gt;City: THE DALLES, OR&lt;br&gt;Frequency: 112.3 MHz</description>
                <styleUrl>#4</styleUrl>
                <Point id="457">
                    <coordinates>-121.10083333333333,45.71358333333334,0.0</coordinates>
                </Point>
            </Placemark>
            <Placemark id="460">
                <name>LVD</name>
                <description>Altitude Code: H&lt;br&gt;Magnetic Deviation: E20°&lt;br&gt;City: LEVEL ISLAND, AK&lt;br&gt;Frequency: 116.5 MHz</description>
                <styleUrl>#4</styleUrl>
                <Point id="459">
                    <coordinates>-133.08311361111112,56.46770888888889,0.0</coordinates>
                </Point>
            </Placemark>
            <Placemark id="462">
                <name>LWT</name>
                <description>Altitude Code: VH&lt;br&gt;Magnetic Deviation: E15°&lt;br&gt;City: LEWISTOWN, MT&lt;br&gt;Frequency: 115.45 MHz</description>
                <styleUrl>#4</styleUrl>
                <Point id="461">
                    <coordinates>-109.60616813888889,47.05297008333333,0.0</coordinates>
                </Point>
            </Placemark>
            <Placemark id="464">
                <name>MAM</name>
                <description>Altitude Code: H&lt;br&gt;Magnetic Deviation: E4°&lt;br&gt;City: MATAMOROS, nan&lt;br&gt;Frequency: 114.3 MHz</description>
                <styleUrl>#4</styleUrl>
                <Point id="463">
                    <coordinates>-97.52390555555556,25.77083888888889,0.0</coordinates>
                </Point>
            </Placemark>
            <Placemark id="466">
                <name>MCB</name>
                <description>Altitude Code: VH&lt;br&gt;Magnetic Deviation: E3°&lt;br&gt;City: MC COMB, MS&lt;br&gt;Frequency: 116.7 MHz</description>
                <styleUrl>#4</styleUrl>
                <Point id="465">
                    <coordinates>-90.25820305555555,31.30445277777778,0.0</coordinates>
                </Point>
            </Placemark>
            <Placemark id="468">
                <name>MCG</name>
                <description>Altitude Code: H&lt;br&gt;Magnetic Deviation: E19°&lt;br&gt;City: MC GRATH, AK&lt;br&gt;Frequency: 115.5 MHz</description>
                <styleUrl>#4</styleUrl>
                <Point id="467">
                    <coordinates>-155.61138,62.951032194444444,0.0</coordinates>
                </Point>
            </Placemark>
            <Placemark id="470">
                <name>MCI</name>
                <description>Altitude Code: H&lt;br&gt;Magnetic Deviation: E5°&lt;br&gt;City: KANSAS CITY, MO&lt;br&gt;Frequency: 113.25 MHz</description>
                <styleUrl>#4</styleUrl>
                <Point id="469">
                    <coordinates>-94.73706111111112,39.28528333333333,0.0</coordinates>
                </Point>
            </Placemark>
            <Placemark id="472">
                <name>MCK</name>
                <description>Altitude Code: VH&lt;br&gt;Magnetic Deviation: E8°&lt;br&gt;City: MC COOK, NE&lt;br&gt;Frequency: 115.3 MHz</description>
                <styleUrl>#4</styleUrl>
                <Point id="471">
                    <coordinates>-100.59422566666666,40.20379725,0.0</coordinates>
                </Point>
            </Placemark>
            <Placemark id="474">
                <name>MCW</name>
                <description>Altitude Code: VH&lt;br&gt;Magnetic Deviation: E6°&lt;br&gt;City: MASON CITY, IA&lt;br&gt;Frequency: 114.9 MHz</description>
                <styleUrl>#4</styleUrl>
                <Point id="473">
                    <coordinates>-93.32987236111111,43.094757083333334,0.0</coordinates>
                </Point>
            </Placemark>
            <Placemark id="476">
                <name>MDO</name>
                <description>Altitude Code: H&lt;br&gt;Magnetic Deviation: E18°&lt;br&gt;City: MIDDLETON ISLAND, AK&lt;br&gt;Frequency: 115.3 MHz</description>
                <styleUrl>#4</styleUrl>
                <Point id="475">
                    <coordinates>-146.35001499999998,59.42180444444444,0.0</coordinates>
                </Point>
            </Placemark>
            <Placemark id="478">
                <name>MEI</name>
                <description>Altitude Code: VH&lt;br&gt;Magnetic Deviation: E5°&lt;br&gt;City: MERIDIAN, MS&lt;br&gt;Frequency: 117.0 MHz</description>
                <styleUrl>#4</styleUrl>
                <Point id="477">
                    <coordinates>-88.80426747222222,32.37843902777778,0.0</coordinates>
                </Point>
            </Placemark>
            <Placemark id="480">
                <name>MEM</name>
                <description>Altitude Code: H&lt;br&gt;Magnetic Deviation: E1°&lt;br&gt;City: MEMPHIS, TN&lt;br&gt;Frequency: 117.5 MHz</description>
                <styleUrl>#4</styleUrl>
                <Point id="479">
                    <coordinates>-89.98320161111111,35.01510577777778,0.0</coordinates>
                </Point>
            </Placemark>
            <Placemark id="482">
                <name>MFE</name>
                <description>Altitude Code: H&lt;br&gt;Magnetic Deviation: E9°&lt;br&gt;City: MC ALLEN, TX&lt;br&gt;Frequency: 117.2 MHz</description>
                <styleUrl>#4</styleUrl>
                <Point id="481">
                    <coordinates>-98.24078641666667,26.17387663888889,0.0</coordinates>
                </Point>
            </Placemark>
            <Placemark id="484">
                <name>MGM</name>
                <description>Altitude Code: VH&lt;br&gt;Magnetic Deviation: E3°&lt;br&gt;City: MONTGOMERY, AL&lt;br&gt;Frequency: 112.1 MHz</description>
                <styleUrl>#4</styleUrl>
                <Point id="483">
                    <coordinates>-86.31972708333333,32.222281611111114,0.0</coordinates>
                </Point>
            </Placemark>
            <Placemark id="486">
                <name>MHZ</name>
                <description>Altitude Code: VH&lt;br&gt;Magnetic Deviation: W1°&lt;br&gt;City: MADISON, MS&lt;br&gt;Frequency: 113.2 MHz</description>
                <styleUrl>#4</styleUrl>
                <Point id="485">
                    <coordinates>-90.09977222222221,32.43406944444444,0.0</coordinates>
                </Point>
            </Placemark>
            <Placemark id="488">
                <name>MKK</name>
                <description>Altitude Code: H&lt;br&gt;Magnetic Deviation: E11°&lt;br&gt;City: KAUNAKAKAI, HI&lt;br&gt;Frequency: 116.1 MHz</description>
                <styleUrl>#4</styleUrl>
                <Point id="487">
                    <coordinates>-157.16741666666667,21.13811111111111,0.0</coordinates>
                </Point>
            </Placemark>
            <Placemark id="490">
                <name>MLD</name>
                <description>Altitude Code: VH&lt;br&gt;Magnetic Deviation: E17°&lt;br&gt;City: MALAD CITY, ID&lt;br&gt;Frequency: 117.4 MHz</description>
                <styleUrl>#4</styleUrl>
                <Point id="489">
                    <coordinates>-112.451235,42.19990027777777,0.0</coordinates>
                </Point>
            </Placemark>
            <Placemark id="492">
                <name>MLF</name>
                <description>Altitude Code: VH&lt;br&gt;Magnetic Deviation: E16°&lt;br&gt;City: MILFORD, UT&lt;br&gt;Frequency: 112.1 MHz</description>
                <styleUrl>#4</styleUrl>
                <Point id="491">
                    <coordinates>-113.01323277777777,38.36035555555556,0.0</coordinates>
                </Point>
            </Placemark>
            <Placemark id="494">
                <name>MLP</name>
                <description>Altitude Code: VH&lt;br&gt;Magnetic Deviation: E15°&lt;br&gt;City: MULLAN PASS, MT&lt;br&gt;Frequency: 117.8 MHz</description>
                <styleUrl>#4</styleUrl>
                <Point id="493">
                    <coordinates>-115.646045,47.45690305555556,0.0</coordinates>
                </Point>
            </Placemark>
            <Placemark id="496">
                <name>MLS</name>
                <description>Altitude Code: VH&lt;br&gt;Magnetic Deviation: E9°&lt;br&gt;City: MILES CITY, MT&lt;br&gt;Frequency: 112.1 MHz</description>
                <styleUrl>#4</styleUrl>
                <Point id="495">
                    <coordinates>-105.95353366666667,46.382226583333335,0.0</coordinates>
                </Point>
            </Placemark>
            <Placemark id="498">
                <name>MLT</name>
                <description>Altitude Code: VH&lt;br&gt;Magnetic Deviation: W20°&lt;br&gt;City: MILLINOCKET, ME&lt;br&gt;Frequency: 117.9 MHz</description>
                <styleUrl>#4</styleUrl>
                <Point id="497">
                    <coordinates>-68.515463,45.586709194444445,0.0</coordinates>
                </Point>
            </Placemark>
            <Placemark id="500">
                <name>MMB</name>
                <description>Altitude Code: VH&lt;br&gt;Magnetic Deviation: E10°&lt;br&gt;City: GAGE, OK&lt;br&gt;Frequency: 115.6 MHz</description>
                <styleUrl>#4</styleUrl>
                <Point id="499">
                    <coordinates>-99.88012194444444,36.3437325,0.0</coordinates>
                </Point>
            </Placemark>
            <Placemark id="502">
                <name>MOD</name>
                <description>Altitude Code: VH&lt;br&gt;Magnetic Deviation: E17°&lt;br&gt;City: MODESTO, CA&lt;br&gt;Frequency: 114.6 MHz</description>
                <styleUrl>#4</styleUrl>
                <Point id="501">
                    <coordinates>-120.95786847222223,37.62737444444444,0.0</coordinates>
                </Point>
            </Placemark>
            <Placemark id="504">
                <name>MOT</name>
                <description>Altitude Code: VH&lt;br&gt;Magnetic Deviation: E13°&lt;br&gt;City: MINOT, ND&lt;br&gt;Frequency: 117.1 MHz</description>
                <styleUrl>#4</styleUrl>
                <Point id="503">
                    <coordinates>-101.28707108333333,48.260335777777776,0.0</coordinates>
                </Point>
            </Placemark>
            <Placemark id="506">
                <name>MQP</name>
                <description>Altitude Code: VH&lt;br&gt;Magnetic Deviation: E9°&lt;br&gt;City: MINERAL WELLS, TX&lt;br&gt;Frequency: 117.7 MHz</description>
                <styleUrl>#4</styleUrl>
                <Point id="505">
                    <coordinates>-97.99744166666667,32.72618055555556,0.0</coordinates>
                </Point>
            </Placemark>
            <Placemark id="508">
                <name>MTJ</name>
                <description>Altitude Code: VH&lt;br&gt;Magnetic Deviation: E12°&lt;br&gt;City: MONTROSE, CO&lt;br&gt;Frequency: 117.1 MHz</description>
                <styleUrl>#4</styleUrl>
                <Point id="507">
                    <coordinates>-107.89928855555556,38.50643661111111,0.0</coordinates>
                </Point>
            </Placemark>
            <Placemark id="510">
                <name>MTU</name>
                <description>Altitude Code: VH&lt;br&gt;Magnetic Deviation: E14°&lt;br&gt;City: MYTON, UT&lt;br&gt;Frequency: 112.7 MHz</description>
                <styleUrl>#4</styleUrl>
                <Point id="509">
                    <coordinates>-110.12702819444443,40.14909575,0.0</coordinates>
                </Point>
            </Placemark>
            <Placemark id="512">
                <name>MUE</name>
                <description>Altitude Code: H&lt;br&gt;Magnetic Deviation: E11°&lt;br&gt;City: KAMUELA, HI&lt;br&gt;Frequency: 113.3 MHz</description>
                <styleUrl>#4</styleUrl>
                <Point id="511">
                    <coordinates>-155.6698611111111,19.998055555555556,0.0</coordinates>
                </Point>
            </Placemark>
            <Placemark id="514">
                <name>MVA</name>
                <description>Altitude Code: VH&lt;br&gt;Magnetic Deviation: E17°&lt;br&gt;City: MINA, NV&lt;br&gt;Frequency: 115.1 MHz</description>
                <styleUrl>#4</styleUrl>
                <Point id="513">
                    <coordinates>-118.03285333333334,38.56529944444444,0.0</coordinates>
                </Point>
            </Placemark>
            <Placemark id="516">
                <name>MWH</name>
                <description>Altitude Code: VH&lt;br&gt;Magnetic Deviation: E18°&lt;br&gt;City: MOSES LAKE, WA&lt;br&gt;Frequency: 115.0 MHz</description>
                <styleUrl>#4</styleUrl>
                <Point id="515">
                    <coordinates>-119.31681677777777,47.210863333333336,0.0</coordinates>
                </Point>
            </Placemark>
            <Placemark id="518">
                <name>MZB</name>
                <description>Altitude Code: VH&lt;br&gt;Magnetic Deviation: E15°&lt;br&gt;City: SAN DIEGO, CA&lt;br&gt;Frequency: 117.8 MHz</description>
                <styleUrl>#4</styleUrl>
                <Point id="517">
                    <coordinates>-117.22542138888889,32.782207416666665,0.0</coordinates>
                </Point>
            </Placemark>
            <Placemark id="520">
                <name>OAK</name>
                <description>Altitude Code: VH&lt;br&gt;Magnetic Deviation: E17°&lt;br&gt;City: OAKLAND, CA&lt;br&gt;Frequency: 116.8 MHz</description>
                <styleUrl>#4</styleUrl>
                <Point id="519">
                    <coordinates>-122.22359180555556,37.725925555555555,0.0</coordinates>
                </Point>
            </Placemark>
            <Placemark id="522">
                <name>OAL</name>
                <description>Altitude Code: VH&lt;br&gt;Magnetic Deviation: E17°&lt;br&gt;City: COALDALE, NV&lt;br&gt;Frequency: 117.7 MHz</description>
                <styleUrl>#4</styleUrl>
                <Point id="521">
                    <coordinates>-117.77044583333333,38.00326138888889,0.0</coordinates>
                </Point>
            </Placemark>
            <Placemark id="524">
                <name>OBK</name>
                <description>Altitude Code: VH&lt;br&gt;Magnetic Deviation: W2°&lt;br&gt;City: NORTHBROOK, IL&lt;br&gt;Frequency: 113.0 MHz</description>
                <styleUrl>#4</styleUrl>
                <Point id="523">
                    <coordinates>-87.95167038888889,42.22137652777778,0.0</coordinates>
                </Point>
            </Placemark>
            <Placemark id="526">
                <name>OBN</name>
                <description>Altitude Code: H&lt;br&gt;Magnetic Deviation: W9°&lt;br&gt;City: OBLEON, nan&lt;br&gt;Frequency: 113.2 MHz</description>
                <styleUrl>#4</styleUrl>
                <Point id="525">
                    <coordinates>-72.27445277777778,18.43825,0.0</coordinates>
                </Point>
            </Placemark>
            <Placemark id="528">
                <name>OCN</name>
                <description>Altitude Code: VH&lt;br&gt;Magnetic Deviation: E15°&lt;br&gt;City: OCEANSIDE, CA&lt;br&gt;Frequency: 115.3 MHz</description>
                <styleUrl>#4</styleUrl>
                <Point id="527">
                    <coordinates>-117.41772075,33.24063375,0.0</coordinates>
                </Point>
            </Placemark>
            <Placemark id="530">
                <name>OCS</name>
                <description>Altitude Code: VH&lt;br&gt;Magnetic Deviation: E13°&lt;br&gt;City: ROCK SPRINGS, WY&lt;br&gt;Frequency: 116.0 MHz</description>
                <styleUrl>#4</styleUrl>
                <Point id="529">
                    <coordinates>-109.01532855555556,41.59021111111112,0.0</coordinates>
                </Point>
            </Placemark>
            <Placemark id="532">
                <name>ODF</name>
                <description>Altitude Code: H&lt;br&gt;Magnetic Deviation: E0°&lt;br&gt;City: TOCCOA, SC&lt;br&gt;Frequency: 113.4 MHz</description>
                <styleUrl>#4</styleUrl>
                <Point id="531">
                    <coordinates>-83.29766111111111,34.69587277777777,0.0</coordinates>
                </Point>
            </Placemark>
            <Placemark id="534">
                <name>ODI</name>
                <description>Altitude Code: VH&lt;br&gt;Magnetic Deviation: E1°&lt;br&gt;City: NODINE, MN&lt;br&gt;Frequency: 117.9 MHz</description>
                <styleUrl>#4</styleUrl>
                <Point id="533">
                    <coordinates>-91.46751616666667,43.912329166666666,0.0</coordinates>
                </Point>
            </Placemark>
            <Placemark id="536">
                <name>ODK</name>
                <description>Altitude Code: H&lt;br&gt;Magnetic Deviation: E14°&lt;br&gt;City: KODIAK, AK&lt;br&gt;Frequency: 117.1 MHz</description>
                <styleUrl>#4</styleUrl>
                <Point id="535">
                    <coordinates>-152.33983997222222,57.775036,0.0</coordinates>
                </Point>
            </Placemark>
            <Placemark id="538">
                <name>OED</name>
                <description>Altitude Code: VH&lt;br&gt;Magnetic Deviation: E19°&lt;br&gt;City: MEDFORD, OR&lt;br&gt;Frequency: 113.6 MHz</description>
                <styleUrl>#4</styleUrl>
                <Point id="537">
                    <coordinates>-122.91293355555555,42.479574222222226,0.0</coordinates>
                </Point>
            </Placemark>
            <Placemark id="540">
                <name>OGG</name>
                <description>Altitude Code: H&lt;br&gt;Magnetic Deviation: E11°&lt;br&gt;City: KAHULUI, HI&lt;br&gt;Frequency: 115.1 MHz</description>
                <styleUrl>#4</styleUrl>
                <Point id="539">
                    <coordinates>-156.4209513611111,20.90647208333333,0.0</coordinates>
                </Point>
            </Placemark>
            <Placemark id="542">
                <name>OKM</name>
                <description>Altitude Code: VH&lt;br&gt;Magnetic Deviation: E8°&lt;br&gt;City: OKMULGEE, OK&lt;br&gt;Frequency: 114.9 MHz</description>
                <styleUrl>#4</styleUrl>
                <Point id="541">
                    <coordinates>-95.86595436111111,35.69307433333333,0.0</coordinates>
                </Point>
            </Placemark>
            <Placemark id="544">
                <name>OLM</name>
                <description>Altitude Code: VH&lt;br&gt;Magnetic Deviation: E19°&lt;br&gt;City: OLYMPIA, WA&lt;br&gt;Frequency: 113.4 MHz</description>
                <styleUrl>#4</styleUrl>
                <Point id="543">
                    <coordinates>-122.90183333333334,46.97163888888889,0.0</coordinates>
                </Point>
            </Placemark>
            <Placemark id="546">
                <name>OME</name>
                <description>Altitude Code: H&lt;br&gt;Magnetic Deviation: E11°&lt;br&gt;City: NOME, AK&lt;br&gt;Frequency: 115.0 MHz</description>
                <styleUrl>#4</styleUrl>
                <Point id="545">
                    <coordinates>-165.25317372222221,64.48510891666666,0.0</coordinates>
                </Point>
            </Placemark>
            <Placemark id="548">
                <name>OMN</name>
                <description>Altitude Code: VH&lt;br&gt;Magnetic Deviation: E0°&lt;br&gt;City: ORMOND BEACH, FL&lt;br&gt;Frequency: 112.6 MHz</description>
                <styleUrl>#4</styleUrl>
                <Point id="547">
                    <coordinates>-81.11269825,29.303250555555557,0.0</coordinates>
                </Point>
            </Placemark>
            <Placemark id="550">
                <name>ONL</name>
                <description>Altitude Code: H&lt;br&gt;Magnetic Deviation: E10°&lt;br&gt;City: O'NEILL, NE&lt;br&gt;Frequency: 113.9 MHz</description>
                <styleUrl>#4</styleUrl>
                <Point id="549">
                    <coordinates>-98.68692738888889,42.47049880555556,0.0</coordinates>
                </Point>
            </Placemark>
            <Placemark id="552">
                <name>ONM</name>
                <description>Altitude Code: VH&lt;br&gt;Magnetic Deviation: E13°&lt;br&gt;City: SOCORRO, NM&lt;br&gt;Frequency: 116.8 MHz</description>
                <styleUrl>#4</styleUrl>
                <Point id="551">
                    <coordinates>-106.82046944444444,34.3389,0.0</coordinates>
                </Point>
            </Placemark>
            <Placemark id="554">
                <name>ONP</name>
                <description>Altitude Code: VH&lt;br&gt;Magnetic Deviation: E15°&lt;br&gt;City: NEWPORT, OR&lt;br&gt;Frequency: 117.1 MHz</description>
                <styleUrl>#4</styleUrl>
                <Point id="553">
                    <coordinates>-124.0605936111111,44.57534972222223,0.0</coordinates>
                </Point>
            </Placemark>
            <Placemark id="556">
                <name>ORF</name>
                <description>Altitude Code: VH&lt;br&gt;Magnetic Deviation: W7°&lt;br&gt;City: NORFOLK, VA&lt;br&gt;Frequency: 116.9 MHz</description>
                <styleUrl>#4</styleUrl>
                <Point id="555">
                    <coordinates>-76.20032705555556,36.89190469444444,0.0</coordinates>
                </Point>
            </Placemark>
            <Placemark id="558">
                <name>ORL</name>
                <description>Altitude Code: VH&lt;br&gt;Magnetic Deviation: E0°&lt;br&gt;City: ORLANDO, FL&lt;br&gt;Frequency: 112.2 MHz</description>
                <styleUrl>#4</styleUrl>
                <Point id="557">
                    <coordinates>-81.33501477777777,28.54272266666667,0.0</coordinates>
                </Point>
            </Placemark>
            <Placemark id="560">
                <name>ORT</name>
                <description>Altitude Code: H&lt;br&gt;Magnetic Deviation: E17°&lt;br&gt;City: NORTHWAY, AK&lt;br&gt;Frequency: 116.3 MHz</description>
                <styleUrl>#4</styleUrl>
                <Point id="559">
                    <coordinates>-141.91260808333334,62.94719941666666,0.0</coordinates>
                </Point>
            </Placemark>
            <Placemark id="562">
                <name>OTK</name>
                <description>Altitude Code: VH&lt;br&gt;Magnetic Deviation: W2°&lt;br&gt;City: VALDOSTA, GA&lt;br&gt;Frequency: 114.8 MHz</description>
                <styleUrl>#4</styleUrl>
                <Point id="561">
                    <coordinates>-83.27972694444445,30.780446027777778,0.0</coordinates>
                </Point>
            </Placemark>
            <Placemark id="564">
                <name>OTZ</name>
                <description>Altitude Code: H&lt;br&gt;Magnetic Deviation: E15°&lt;br&gt;City: KOTZEBUE, AK&lt;br&gt;Frequency: 115.7 MHz</description>
                <styleUrl>#4</styleUrl>
                <Point id="563">
                    <coordinates>-162.53993741666667,66.88568202777779,0.0</coordinates>
                </Point>
            </Placemark>
            <Placemark id="566">
                <name>OVR</name>
                <description>Altitude Code: VH&lt;br&gt;Magnetic Deviation: E8°&lt;br&gt;City: MINEOLA, IA&lt;br&gt;Frequency: 116.3 MHz</description>
                <styleUrl>#4</styleUrl>
                <Point id="565">
                    <coordinates>-95.73685322222222,41.16716680555555,0.0</coordinates>
                </Point>
            </Placemark>
            <Placemark id="568">
                <name>PBI</name>
                <description>Altitude Code: VH&lt;br&gt;Magnetic Deviation: W3°&lt;br&gt;City: WEST PALM BEACH, FL&lt;br&gt;Frequency: 115.7 MHz</description>
                <styleUrl>#4</styleUrl>
                <Point id="567">
                    <coordinates>-80.0864898611111,26.680055,0.0</coordinates>
                </Point>
            </Placemark>
            <Placemark id="570">
                <name>PDT</name>
                <description>Altitude Code: VH&lt;br&gt;Magnetic Deviation: E14°&lt;br&gt;City: PENDLETON, OR&lt;br&gt;Frequency: 114.7 MHz</description>
                <styleUrl>#4</styleUrl>
                <Point id="569">
                    <coordinates>-118.93871044444445,45.69842077777778,0.0</coordinates>
                </Point>
            </Placemark>
            <Placemark id="572">
                <name>PDZ</name>
                <description>Altitude Code: VH&lt;br&gt;Magnetic Deviation: E15°&lt;br&gt;City: ONTARIO, CA&lt;br&gt;Frequency: 112.2 MHz</description>
                <styleUrl>#4</styleUrl>
                <Point id="571">
                    <coordinates>-117.52999713888889,33.91833688888889,0.0</coordinates>
                </Point>
            </Placemark>
            <Placemark id="574">
                <name>PER</name>
                <description>Altitude Code: VH&lt;br&gt;Magnetic Deviation: E6°&lt;br&gt;City: PONCA CITY, OK&lt;br&gt;Frequency: 113.2 MHz</description>
                <styleUrl>#4</styleUrl>
                <Point id="573">
                    <coordinates>-97.16015555555556,36.74653,0.0</coordinates>
                </Point>
            </Placemark>
            <Placemark id="576">
                <name>PGS</name>
                <description>Altitude Code: VH&lt;br&gt;Magnetic Deviation: E15°&lt;br&gt;City: PEACH SPRINGS, AZ&lt;br&gt;Frequency: 112.0 MHz</description>
                <styleUrl>#4</styleUrl>
                <Point id="575">
                    <coordinates>-113.54446666666666,35.62471194444444,0.0</coordinates>
                </Point>
            </Placemark>
            <Placemark id="578">
                <name>PIE</name>
                <description>Altitude Code: H&lt;br&gt;Magnetic Deviation: W5°&lt;br&gt;City: ST PETERSBURG-CLEARWATER, FL&lt;br&gt;Frequency: 116.4 MHz</description>
                <styleUrl>#4</styleUrl>
                <Point id="577">
                    <coordinates>-82.68430919444445,27.907764388888886,0.0</coordinates>
                </Point>
            </Placemark>
            <Placemark id="580">
                <name>PIH</name>
                <description>Altitude Code: VH&lt;br&gt;Magnetic Deviation: E17°&lt;br&gt;City: POCATELLO, ID&lt;br&gt;Frequency: 112.6 MHz</description>
                <styleUrl>#4</styleUrl>
                <Point id="579">
                    <coordinates>-112.65222961111111,42.87038452777778,0.0</coordinates>
                </Point>
            </Placemark>
            <Placemark id="582">
                <name>PJM</name>
                <description>Altitude Code: H&lt;br&gt;Magnetic Deviation: W14°&lt;br&gt;City: PHILIPSBURG, nan&lt;br&gt;Frequency: 113.0 MHz</description>
                <styleUrl>#4</styleUrl>
                <Point id="581">
                    <coordinates>-63.118271944444444,18.037837777777778,0.0</coordinates>
                </Point>
            </Placemark>
            <Placemark id="584">
                <name>PKE</name>
                <description>Altitude Code: VH&lt;br&gt;Magnetic Deviation: E15°&lt;br&gt;City: PARKER, CA&lt;br&gt;Frequency: 117.9 MHz</description>
                <styleUrl>#4</styleUrl>
                <Point id="583">
                    <coordinates>-114.6820663888889,34.10197277777778,0.0</coordinates>
                </Point>
            </Placemark>
            <Placemark id="586">
                <name>PMD</name>
                <description>Altitude Code: H&lt;br&gt;Magnetic Deviation: E15°&lt;br&gt;City: PALMDALE, CA&lt;br&gt;Frequency: 115.55 MHz</description>
                <styleUrl>#4</styleUrl>
                <Point id="585">
                    <coordinates>-118.06382241666667,34.63139836111111,0.0</coordinates>
                </Point>
            </Placemark>
            <Placemark id="588">
                <name>PMM</name>
                <description>Altitude Code: H&lt;br&gt;Magnetic Deviation: E0°&lt;br&gt;City: PULLMAN, MI&lt;br&gt;Frequency: 112.1 MHz</description>
                <styleUrl>#4</styleUrl>
                <Point id="587">
                    <coordinates>-86.10480811111111,42.466033833333334,0.0</coordinates>
                </Point>
            </Placemark>
            <Placemark id="590">
                <name>PNA</name>
                <description>Altitude Code: H&lt;br&gt;Magnetic Deviation: W12°&lt;br&gt;City: PUNTA CANA, nan&lt;br&gt;Frequency: 112.7 MHz</description>
                <styleUrl>#4</styleUrl>
                <Point id="589">
                    <coordinates>-68.37044444444444,18.57015277777778,0.0</coordinates>
                </Point>
            </Placemark>
            <Placemark id="592">
                <name>PNH</name>
                <description>Altitude Code: H&lt;br&gt;Magnetic Deviation: E8°&lt;br&gt;City: AMARILLO, TX&lt;br&gt;Frequency: 116.6 MHz</description>
                <styleUrl>#4</styleUrl>
                <Point id="591">
                    <coordinates>-101.6990308888889,35.23506208333333,0.0</coordinates>
                </Point>
            </Placemark>
            <Placemark id="594">
                <name>PPR</name>
                <description>Altitude Code: H&lt;br&gt;Magnetic Deviation: W14°&lt;br&gt;City: POINTE A PITRE, nan&lt;br&gt;Frequency: 112.9 MHz</description>
                <styleUrl>#4</styleUrl>
                <Point id="593">
                    <coordinates>-61.54013888888889,16.265194444444443,0.0</coordinates>
                </Point>
            </Placemark>
            <Placemark id="596">
                <name>PQI</name>
                <description>Altitude Code: VH&lt;br&gt;Magnetic Deviation: W21°&lt;br&gt;City: PRESQUE ISLE, ME&lt;br&gt;Frequency: 116.4 MHz</description>
                <styleUrl>#4</styleUrl>
                <Point id="595">
                    <coordinates>-68.09454716666666,46.77418566666667,0.0</coordinates>
                </Point>
            </Placemark>
            <Placemark id="598">
                <name>PSB</name>
                <description>Altitude Code: VH&lt;br&gt;Magnetic Deviation: W10°&lt;br&gt;City: PHILIPSBURG, PA&lt;br&gt;Frequency: 115.5 MHz</description>
                <styleUrl>#4</styleUrl>
                <Point id="597">
                    <coordinates>-77.99271694444444,40.91625888888889,0.0</coordinates>
                </Point>
            </Placemark>
            <Placemark id="600">
                <name>PSK</name>
                <description>Altitude Code: H&lt;br&gt;Magnetic Deviation: W6°&lt;br&gt;City: DUBLIN, VA&lt;br&gt;Frequency: 116.8 MHz</description>
                <styleUrl>#4</styleUrl>
                <Point id="599">
                    <coordinates>-80.71288241666667,37.087685444444446,0.0</coordinates>
                </Point>
            </Placemark>
            <Placemark id="602">
                <name>PSX</name>
                <description>Altitude Code: VH&lt;br&gt;Magnetic Deviation: E8°&lt;br&gt;City: PALACIOS, TX&lt;br&gt;Frequency: 117.3 MHz</description>
                <styleUrl>#4</styleUrl>
                <Point id="601">
                    <coordinates>-96.30617977777777,28.76441838888889,0.0</coordinates>
                </Point>
            </Placemark>
            <Placemark id="604">
                <name>PTA</name>
                <description>Altitude Code: H&lt;br&gt;Magnetic Deviation: W11°&lt;br&gt;City: PUERTO PLATA, nan&lt;br&gt;Frequency: 115.1 MHz</description>
                <styleUrl>#4</styleUrl>
                <Point id="603">
                    <coordinates>-70.57041666666666,19.759283333333332,0.0</coordinates>
                </Point>
            </Placemark>
            <Placemark id="606">
                <name>PUB</name>
                <description>Altitude Code: VH&lt;br&gt;Magnetic Deviation: E8°&lt;br&gt;City: PUEBLO, CO&lt;br&gt;Frequency: 116.7 MHz</description>
                <styleUrl>#4</styleUrl>
                <Point id="605">
                    <coordinates>-104.42944741666668,38.29425366666666,0.0</coordinates>
                </Point>
            </Placemark>
            <Placemark id="608">
                <name>PUC</name>
                <description>Altitude Code: VH&lt;br&gt;Magnetic Deviation: E14°&lt;br&gt;City: PRICE, UT&lt;br&gt;Frequency: 115.5 MHz</description>
                <styleUrl>#4</styleUrl>
                <Point id="607">
                    <coordinates>-110.75352777777778,39.60319166666667,0.0</coordinates>
                </Point>
            </Placemark>
            <Placemark id="610">
                <name>PUT</name>
                <description>Altitude Code: H&lt;br&gt;Magnetic Deviation: W14°&lt;br&gt;City: PUTNAM, CT&lt;br&gt;Frequency: 117.4 MHz</description>
                <styleUrl>#4</styleUrl>
                <Point id="609">
                    <coordinates>-71.84409483333333,41.955460333333335,0.0</coordinates>
                </Point>
            </Placemark>
            <Placemark id="612">
                <name>PVD</name>
                <description>Altitude Code: H&lt;br&gt;Magnetic Deviation: W14°&lt;br&gt;City: PROVIDENCE, RI&lt;br&gt;Frequency: 115.6 MHz</description>
                <styleUrl>#4</styleUrl>
                <Point id="611">
                    <coordinates>-71.42963861111112,41.72434394444445,0.0</coordinates>
                </Point>
            </Placemark>
            <Placemark id="614">
                <name>PVN</name>
                <description>Altitude Code: H&lt;br&gt;Magnetic Deviation: W10°&lt;br&gt;City: PROVIDENCIALES, nan&lt;br&gt;Frequency: 115.6 MHz</description>
                <styleUrl>#4</styleUrl>
                <Point id="613">
                    <coordinates>-72.26601944444444,21.772241666666666,0.0</coordinates>
                </Point>
            </Placemark>
            <Placemark id="616">
                <name>PXR</name>
                <description>Altitude Code: VH&lt;br&gt;Magnetic Deviation: E12°&lt;br&gt;City: PHOENIX, AZ&lt;br&gt;Frequency: 115.6 MHz</description>
                <styleUrl>#4</styleUrl>
                <Point id="615">
                    <coordinates>-111.97020183333333,33.43301725,0.0</coordinates>
                </Point>
            </Placemark>
            <Placemark id="618">
                <name>PXV</name>
                <description>Altitude Code: VH&lt;br&gt;Magnetic Deviation: E3°&lt;br&gt;City: EVANSVILLE, IN&lt;br&gt;Frequency: 113.3 MHz</description>
                <styleUrl>#4</styleUrl>
                <Point id="617">
                    <coordinates>-87.76237986111111,37.92831983333333,0.0</coordinates>
                </Point>
            </Placemark>
            <Placemark id="620">
                <name>PYE</name>
                <description>Altitude Code: VH&lt;br&gt;Magnetic Deviation: E17°&lt;br&gt;City: POINT REYES, CA&lt;br&gt;Frequency: 113.7 MHz</description>
                <styleUrl>#4</styleUrl>
                <Point id="619">
                    <coordinates>-122.86782749999999,38.07975666666667,0.0</coordinates>
                </Point>
            </Placemark>
            <Placemark id="622">
                <name>PZD</name>
                <description>Altitude Code: H&lt;br&gt;Magnetic Deviation: W2°&lt;br&gt;City: ALBANY, GA&lt;br&gt;Frequency: 116.1 MHz</description>
                <styleUrl>#4</styleUrl>
                <Point id="621">
                    <coordinates>-84.29310047222222,31.655205833333333,0.0</coordinates>
                </Point>
            </Placemark>
            <Placemark id="624">
                <name>RAP</name>
                <description>Altitude Code: VH&lt;br&gt;Magnetic Deviation: E13°&lt;br&gt;City: RAPID CITY, SD&lt;br&gt;Frequency: 112.3 MHz</description>
                <styleUrl>#4</styleUrl>
                <Point id="623">
                    <coordinates>-103.01232822222222,43.976038361111115,0.0</coordinates>
                </Point>
            </Placemark>
            <Placemark id="626">
                <name>RBL</name>
                <description>Altitude Code: VH&lt;br&gt;Magnetic Deviation: E18°&lt;br&gt;City: RED BLUFF, CA&lt;br&gt;Frequency: 115.7 MHz</description>
                <styleUrl>#4</styleUrl>
                <Point id="625">
                    <coordinates>-122.2363503888889,40.098909722222224,0.0</coordinates>
                </Point>
            </Placemark>
            <Placemark id="628">
                <name>RBV</name>
                <description>Altitude Code: H&lt;br&gt;Magnetic Deviation: W10°&lt;br&gt;City: ROBBINSVILLE, NJ&lt;br&gt;Frequency: 113.8 MHz</description>
                <styleUrl>#4</styleUrl>
                <Point id="627">
                    <coordinates>-74.49502611111112,40.20240208333334,0.0</coordinates>
                </Point>
            </Placemark>
            <Placemark id="630">
                <name>RDU</name>
                <description>Altitude Code: H&lt;br&gt;Magnetic Deviation: W9°&lt;br&gt;City: RALEIGH/DURHAM, NC&lt;br&gt;Frequency: 117.2 MHz</description>
                <styleUrl>#4</styleUrl>
                <Point id="629">
                    <coordinates>-78.78334211111111,35.87252113888889,0.0</coordinates>
                </Point>
            </Placemark>
            <Placemark id="632">
                <name>REO</name>
                <description>Altitude Code: VH&lt;br&gt;Magnetic Deviation: E19°&lt;br&gt;City: ROME, OR&lt;br&gt;Frequency: 112.5 MHz</description>
                <styleUrl>#4</styleUrl>
                <Point id="631">
                    <coordinates>-117.86815194444443,42.59054861111111,0.0</coordinates>
                </Point>
            </Placemark>
            <Placemark id="634">
                <name>RIC</name>
                <description>Altitude Code: H&lt;br&gt;Magnetic Deviation: W9°&lt;br&gt;City: RICHMOND, VA&lt;br&gt;Frequency: 114.1 MHz</description>
                <styleUrl>#4</styleUrl>
                <Point id="633">
                    <coordinates>-77.32027622222222,37.50234780555556,0.0</coordinates>
                </Point>
            </Placemark>
            <Placemark id="636">
                <name>RLG</name>
                <description>Altitude Code: VH&lt;br&gt;Magnetic Deviation: E14°&lt;br&gt;City: KREMMLING, CO&lt;br&gt;Frequency: 113.8 MHz</description>
                <styleUrl>#4</styleUrl>
                <Point id="635">
                    <coordinates>-106.44248816666666,40.0026375,0.0</coordinates>
                </Point>
            </Placemark>
            <Placemark id="638">
                <name>RMG</name>
                <description>Altitude Code: VH&lt;br&gt;Magnetic Deviation: E1°&lt;br&gt;City: ROME, GA&lt;br&gt;Frequency: 115.4 MHz</description>
                <styleUrl>#4</styleUrl>
                <Point id="637">
                    <coordinates>-85.11940725,34.162565027777774,0.0</coordinates>
                </Point>
            </Placemark>
            <Placemark id="640">
                <name>ROD</name>
                <description>Altitude Code: H&lt;br&gt;Magnetic Deviation: W5°&lt;br&gt;City: ROSEWOOD, OH&lt;br&gt;Frequency: 117.5 MHz</description>
                <styleUrl>#4</styleUrl>
                <Point id="639">
                    <coordinates>-84.04309641666667,40.28780083333333,0.0</coordinates>
                </Point>
            </Placemark>
            <Placemark id="642">
                <name>RSK</name>
                <description>Altitude Code: VH&lt;br&gt;Magnetic Deviation: E14°&lt;br&gt;City: FARMINGTON, NM&lt;br&gt;Frequency: 115.3 MHz</description>
                <styleUrl>#4</styleUrl>
                <Point id="641">
                    <coordinates>-108.09889877777778,36.748392555555554,0.0</coordinates>
                </Point>
            </Placemark>
            <Placemark id="644">
                <name>RWF</name>
                <description>Altitude Code: VH&lt;br&gt;Magnetic Deviation: E7°&lt;br&gt;City: REDWOOD FALLS, MN&lt;br&gt;Frequency: 113.3 MHz</description>
                <styleUrl>#4</styleUrl>
                <Point id="643">
                    <coordinates>-95.12822988888888,44.467273722222224,0.0</coordinates>
                </Point>
            </Placemark>
            <Placemark id="646">
                <name>RZC</name>
                <description>Altitude Code: VH&lt;br&gt;Magnetic Deviation: E4°&lt;br&gt;City: FAYETTEVILLE, AR&lt;br&gt;Frequency: 116.4 MHz</description>
                <styleUrl>#4</styleUrl>
                <Point id="645">
                    <coordinates>-94.12139058333332,36.24642652777778,0.0</coordinates>
                </Point>
            </Placemark>
            <Placemark id="648">
                <name>RZS</name>
                <description>Altitude Code: VH&lt;br&gt;Magnetic Deviation: E14°&lt;br&gt;City: SANTA BARBARA, CA&lt;br&gt;Frequency: 114.9 MHz</description>
                <styleUrl>#4</styleUrl>
                <Point id="647">
                    <coordinates>-119.77098813888888,34.50953197222222,0.0</coordinates>
                </Point>
            </Placemark>
            <Placemark id="650">
                <name>SAC</name>
                <description>Altitude Code: VH&lt;br&gt;Magnetic Deviation: E17°&lt;br&gt;City: SACRAMENTO, CA&lt;br&gt;Frequency: 115.2 MHz</description>
                <styleUrl>#4</styleUrl>
                <Point id="649">
                    <coordinates>-121.55165286111111,38.44373930555555,0.0</coordinates>
                </Point>
            </Placemark>
            <Placemark id="652">
                <name>SAT</name>
                <description>Altitude Code: VH&lt;br&gt;Magnetic Deviation: E8°&lt;br&gt;City: SAN ANTONIO, TX&lt;br&gt;Frequency: 116.8 MHz</description>
                <styleUrl>#4</styleUrl>
                <Point id="651">
                    <coordinates>-98.46131580555556,29.64403,0.0</coordinates>
                </Point>
            </Placemark>
            <Placemark id="654">
                <name>SAV</name>
                <description>Altitude Code: VH&lt;br&gt;Magnetic Deviation: W6°&lt;br&gt;City: SAVANNAH, GA&lt;br&gt;Frequency: 115.95 MHz</description>
                <styleUrl>#4</styleUrl>
                <Point id="653">
                    <coordinates>-81.19910555555556,32.1462675,0.0</coordinates>
                </Point>
            </Placemark>
            <Placemark id="656">
                <name>SAW</name>
                <description>Altitude Code: VH&lt;br&gt;Magnetic Deviation: W4°&lt;br&gt;City: MARQUETTE, MI&lt;br&gt;Frequency: 117.1 MHz</description>
                <styleUrl>#4</styleUrl>
                <Point id="655">
                    <coordinates>-87.39742183333334,46.358923250000004,0.0</coordinates>
                </Point>
            </Placemark>
            <Placemark id="658">
                <name>SCC</name>
                <description>Altitude Code: H&lt;br&gt;Magnetic Deviation: E17°&lt;br&gt;City: DEADHORSE, AK&lt;br&gt;Frequency: 113.9 MHz</description>
                <styleUrl>#4</styleUrl>
                <Point id="657">
                    <coordinates>-148.41615955555557,70.19919838888889,0.0</coordinates>
                </Point>
            </Placemark>
            <Placemark id="660">
                <name>SEA</name>
                <description>Altitude Code: VH&lt;br&gt;Magnetic Deviation: E19°&lt;br&gt;City: SEATTLE, WA&lt;br&gt;Frequency: 116.8 MHz</description>
                <styleUrl>#4</styleUrl>
                <Point id="659">
                    <coordinates>-122.30961611111111,47.435373166666665,0.0</coordinates>
                </Point>
            </Placemark>
            <Placemark id="662">
                <name>SGF</name>
                <description>Altitude Code: VH&lt;br&gt;Magnetic Deviation: E4°&lt;br&gt;City: SPRINGFIELD, MO&lt;br&gt;Frequency: 116.9 MHz</description>
                <styleUrl>#4</styleUrl>
                <Point id="661">
                    <coordinates>-93.33404452777778,37.355947138888894,0.0</coordinates>
                </Point>
            </Placemark>
            <Placemark id="664">
                <name>SIE</name>
                <description>Altitude Code: VH&lt;br&gt;Magnetic Deviation: W9°&lt;br&gt;City: SEA ISLE, NJ&lt;br&gt;Frequency: 114.8 MHz</description>
                <styleUrl>#4</styleUrl>
                <Point id="663">
                    <coordinates>-74.80034394444444,39.095509,0.0</coordinates>
                </Point>
            </Placemark>
            <Placemark id="666">
                <name>SJI</name>
                <description>Altitude Code: VH&lt;br&gt;Magnetic Deviation: E5°&lt;br&gt;City: MOBILE, AL&lt;br&gt;Frequency: 115.3 MHz</description>
                <styleUrl>#4</styleUrl>
                <Point id="665">
                    <coordinates>-88.35929399999999,30.725979916666667,0.0</coordinates>
                </Point>
            </Placemark>
            <Placemark id="668">
                <name>SJN</name>
                <description>Altitude Code: VH&lt;br&gt;Magnetic Deviation: E12°&lt;br&gt;City: ST JOHNS, AZ&lt;br&gt;Frequency: 112.3 MHz</description>
                <styleUrl>#4</styleUrl>
                <Point id="667">
                    <coordinates>-109.14353055555556,34.42404166666667,0.0</coordinates>
                </Point>
            </Placemark>
            <Placemark id="670">
                <name>SJT</name>
                <description>Altitude Code: VH&lt;br&gt;Magnetic Deviation: E10°&lt;br&gt;City: SAN ANGELO, TX&lt;br&gt;Frequency: 115.1 MHz</description>
                <styleUrl>#4</styleUrl>
                <Point id="669">
                    <coordinates>-100.45487027777779,31.374955611111112,0.0</coordinates>
                </Point>
            </Placemark>
            <Placemark id="672">
                <name>SJU</name>
                <description>Altitude Code: H&lt;br&gt;Magnetic Deviation: W11°&lt;br&gt;City: SAN JUAN, PR&lt;br&gt;Frequency: 114.0 MHz</description>
                <styleUrl>#4</styleUrl>
                <Point id="671">
                    <coordinates>-65.98950755555556,18.446280583333333,0.0</coordinates>
                </Point>
            </Placemark>
            <Placemark id="674">
                <name>SLN</name>
                <description>Altitude Code: VH&lt;br&gt;Magnetic Deviation: E7°&lt;br&gt;City: SALINA, KS&lt;br&gt;Frequency: 117.1 MHz</description>
                <styleUrl>#4</styleUrl>
                <Point id="673">
                    <coordinates>-97.62133225,38.92513808333333,0.0</coordinates>
                </Point>
            </Placemark>
            <Placemark id="676">
                <name>SLT</name>
                <description>Altitude Code: H&lt;br&gt;Magnetic Deviation: W8°&lt;br&gt;City: SLATE RUN, PA&lt;br&gt;Frequency: 113.9 MHz</description>
                <styleUrl>#4</styleUrl>
                <Point id="675">
                    <coordinates>-77.97010972222222,41.51275944444444,0.0</coordinates>
                </Point>
            </Placemark>
            <Placemark id="678">
                <name>SNS</name>
                <description>Altitude Code: VH&lt;br&gt;Magnetic Deviation: E17°&lt;br&gt;City: SALINAS, CA&lt;br&gt;Frequency: 117.3 MHz</description>
                <styleUrl>#4</styleUrl>
                <Point id="677">
                    <coordinates>-121.60318413888888,36.66383744444444,0.0</coordinates>
                </Point>
            </Placemark>
            <Placemark id="680">
                <name>SNY</name>
                <description>Altitude Code: VH&lt;br&gt;Magnetic Deviation: E13°&lt;br&gt;City: SIDNEY, NE&lt;br&gt;Frequency: 115.9 MHz</description>
                <styleUrl>#4</styleUrl>
                <Point id="679">
                    <coordinates>-102.98299272222222,41.09668241666667,0.0</coordinates>
                </Point>
            </Placemark>
            <Placemark id="682">
                <name>SOK</name>
                <description>Altitude Code: H&lt;br&gt;Magnetic Deviation: E11°&lt;br&gt;City: SOUTH KAUAI, HI&lt;br&gt;Frequency: 115.4 MHz</description>
                <styleUrl>#4</styleUrl>
                <Point id="681">
                    <coordinates>-159.52887305555558,21.9003925,0.0</coordinates>
                </Point>
            </Placemark>
            <Placemark id="684">
                <name>SPA</name>
                <description>Altitude Code: H&lt;br&gt;Magnetic Deviation: W2°&lt;br&gt;City: SPARTANBURG, SC&lt;br&gt;Frequency: 115.7 MHz</description>
                <styleUrl>#4</styleUrl>
                <Point id="683">
                    <coordinates>-81.92701000000001,35.033625888888885,0.0</coordinates>
                </Point>
            </Placemark>
            <Placemark id="686">
                <name>SPI</name>
                <description>Altitude Code: VH&lt;br&gt;Magnetic Deviation: W1°&lt;br&gt;City: SPRINGFIELD, IL&lt;br&gt;Frequency: 112.7 MHz</description>
                <styleUrl>#4</styleUrl>
                <Point id="685">
                    <coordinates>-89.67773577777778,39.83973316666667,0.0</coordinates>
                </Point>
            </Placemark>
            <Placemark id="688">
                <name>SPS</name>
                <description>Altitude Code: VH&lt;br&gt;Magnetic Deviation: E10°&lt;br&gt;City: WICHITA FALLS, TX&lt;br&gt;Frequency: 112.7 MHz</description>
                <styleUrl>#4</styleUrl>
                <Point id="687">
                    <coordinates>-98.59347188888889,33.987287361111115,0.0</coordinates>
                </Point>
            </Placemark>
            <Placemark id="690">
                <name>SQA</name>
                <description>Altitude Code: H&lt;br&gt;Magnetic Deviation: E18°&lt;br&gt;City: SPARREVOHN, AK&lt;br&gt;Frequency: 117.2 MHz</description>
                <styleUrl>#4</styleUrl>
                <Point id="689">
                    <coordinates>-155.6345794722222,61.09857975,0.0</coordinates>
                </Point>
            </Placemark>
            <Placemark id="692">
                <name>SQS</name>
                <description>Altitude Code: VH&lt;br&gt;Magnetic Deviation: E3°&lt;br&gt;City: SIDON, MS&lt;br&gt;Frequency: 114.7 MHz</description>
                <styleUrl>#4</styleUrl>
                <Point id="691">
                    <coordinates>-90.27735055555556,33.463849361111116,0.0</coordinates>
                </Point>
            </Placemark>
            <Placemark id="694">
                <name>SRQ</name>
                <description>Altitude Code: VH&lt;br&gt;Magnetic Deviation: W5°&lt;br&gt;City: SARASOTA/BRADENTON, FL&lt;br&gt;Frequency: 117.0 MHz</description>
                <styleUrl>#4</styleUrl>
                <Point id="693">
                    <coordinates>-82.56366241666666,27.4070155,0.0</coordinates>
                </Point>
            </Placemark>
            <Placemark id="696">
                <name>SSM</name>
                <description>Altitude Code: VH&lt;br&gt;Magnetic Deviation: W4°&lt;br&gt;City: SAULT STE MARIE, MI&lt;br&gt;Frequency: 112.2 MHz</description>
                <styleUrl>#4</styleUrl>
                <Point id="695">
                    <coordinates>-84.3148716111111,46.412110194444445,0.0</coordinates>
                </Point>
            </Placemark>
            <Placemark id="698">
                <name>SSO</name>
                <description>Altitude Code: VH&lt;br&gt;Magnetic Deviation: E13°&lt;br&gt;City: SAN SIMON, AZ&lt;br&gt;Frequency: 115.4 MHz</description>
                <styleUrl>#4</styleUrl>
                <Point id="697">
                    <coordinates>-109.2630875,32.269245,0.0</coordinates>
                </Point>
            </Placemark>
            <Placemark id="700">
                <name>SSR</name>
                <description>Altitude Code: H&lt;br&gt;Magnetic Deviation: E20°&lt;br&gt;City: SISTERS ISLAND, AK&lt;br&gt;Frequency: 114.0 MHz</description>
                <styleUrl>#4</styleUrl>
                <Point id="699">
                    <coordinates>-135.2588625,58.17766102777777,0.0</coordinates>
                </Point>
            </Placemark>
            <Placemark id="702">
                <name>STJ</name>
                <description>Altitude Code: H&lt;br&gt;Magnetic Deviation: E8°&lt;br&gt;City: ST JOSEPH, MO&lt;br&gt;Frequency: 115.5 MHz</description>
                <styleUrl>#4</styleUrl>
                <Point id="701">
                    <coordinates>-94.92522027777778,39.9605775,0.0</coordinates>
                </Point>
            </Placemark>
            <Placemark id="704">
                <name>STL</name>
                <description>Altitude Code: VH&lt;br&gt;Magnetic Deviation: E1°&lt;br&gt;City: ST LOUIS, MO&lt;br&gt;Frequency: 117.4 MHz</description>
                <styleUrl>#4</styleUrl>
                <Point id="703">
                    <coordinates>-90.4823488888889,38.86072330555556,0.0</coordinates>
                </Point>
            </Placemark>
            <Placemark id="706">
                <name>STV</name>
                <description>Altitude Code: VH&lt;br&gt;Magnetic Deviation: E8°&lt;br&gt;City: STONEWALL, TX&lt;br&gt;Frequency: 113.8 MHz</description>
                <styleUrl>#4</styleUrl>
                <Point id="705">
                    <coordinates>-98.70575527777778,30.206759444444444,0.0</coordinates>
                </Point>
            </Placemark>
            <Placemark id="708">
                <name>SYA</name>
                <description>Altitude Code: H&lt;br&gt;Magnetic Deviation: E3°&lt;br&gt;City: SHEMYA, AK&lt;br&gt;Frequency: 109.0 MHz</description>
                <styleUrl>#4</styleUrl>
                <Point id="707">
                    <coordinates>174.06208333333333,52.718272222222225,0.0</coordinates>
                </Point>
            </Placemark>
            <Placemark id="710">
                <name>SYR</name>
                <description>Altitude Code: VH&lt;br&gt;Magnetic Deviation: W11°&lt;br&gt;City: SYRACUSE, NY&lt;br&gt;Frequency: 117.0 MHz</description>
                <styleUrl>#4</styleUrl>
                <Point id="709">
                    <coordinates>-76.2045585,43.160519,0.0</coordinates>
                </Point>
            </Placemark>
            <Placemark id="712">
                <name>SZW</name>
                <description>Altitude Code: VH&lt;br&gt;Magnetic Deviation: E2°&lt;br&gt;City: TALLAHASSEE, FL&lt;br&gt;Frequency: 117.5 MHz</description>
                <styleUrl>#4</styleUrl>
                <Point id="711">
                    <coordinates>-84.3739421111111,30.556227194444446,0.0</coordinates>
                </Point>
            </Placemark>
            <Placemark id="714">
                <name>TAL</name>
                <description>Altitude Code: H&lt;br&gt;Magnetic Deviation: E19°&lt;br&gt;City: TANANA, AK&lt;br&gt;Frequency: 116.6 MHz</description>
                <styleUrl>#4</styleUrl>
                <Point id="713">
                    <coordinates>-152.17754902777776,65.1771246388889,0.0</coordinates>
                </Point>
            </Placemark>
            <Placemark id="716">
                <name>TBC</name>
                <description>Altitude Code: VH&lt;br&gt;Magnetic Deviation: E15°&lt;br&gt;City: TUBA CITY, AZ&lt;br&gt;Frequency: 113.5 MHz</description>
                <styleUrl>#4</styleUrl>
                <Point id="715">
                    <coordinates>-111.26958777777777,36.12131194444444,0.0</coordinates>
                </Point>
            </Placemark>
            <Placemark id="718">
                <name>TCC</name>
                <description>Altitude Code: VH&lt;br&gt;Magnetic Deviation: E12°&lt;br&gt;City: TUCUMCARI, NM&lt;br&gt;Frequency: 113.6 MHz</description>
                <styleUrl>#4</styleUrl>
                <Point id="717">
                    <coordinates>-103.59858083333333,35.18220591666667,0.0</coordinates>
                </Point>
            </Placemark>
            <Placemark id="720">
                <name>TCH</name>
                <description>Altitude Code: VH&lt;br&gt;Magnetic Deviation: E16°&lt;br&gt;City: SALT LAKE CITY, UT&lt;br&gt;Frequency: 116.8 MHz</description>
                <styleUrl>#4</styleUrl>
                <Point id="719">
                    <coordinates>-111.98190558333333,40.85025913888889,0.0</coordinates>
                </Point>
            </Placemark>
            <Placemark id="722">
                <name>TCS</name>
                <description>Altitude Code: VH&lt;br&gt;Magnetic Deviation: E13°&lt;br&gt;City: TRUTH OR CONSEQUENCES, NM&lt;br&gt;Frequency: 112.7 MHz</description>
                <styleUrl>#4</styleUrl>
                <Point id="721">
                    <coordinates>-107.28054597222223,33.28250219444444,0.0</coordinates>
                </Point>
            </Placemark>
            <Placemark id="724">
                <name>TED</name>
                <description>Altitude Code: H&lt;br&gt;Magnetic Deviation: E18°&lt;br&gt;City: ANCHORAGE, AK&lt;br&gt;Frequency: 113.15 MHz</description>
                <styleUrl>#4</styleUrl>
                <Point id="723">
                    <coordinates>-149.9601442222222,61.167866499999995,0.0</coordinates>
                </Point>
            </Placemark>
            <Placemark id="726">
                <name>TFD</name>
                <description>Altitude Code: VH&lt;br&gt;Magnetic Deviation: E12°&lt;br&gt;City: CASA GRANDE, AZ&lt;br&gt;Frequency: 114.8 MHz</description>
                <styleUrl>#4</styleUrl>
                <Point id="725">
                    <coordinates>-111.90873452777778,32.88585436111111,0.0</coordinates>
                </Point>
            </Placemark>
            <Placemark id="728">
                <name>TKA</name>
                <description>Altitude Code: H&lt;br&gt;Magnetic Deviation: E19°&lt;br&gt;City: TALKEETNA, AK&lt;br&gt;Frequency: 116.2 MHz</description>
                <styleUrl>#4</styleUrl>
                <Point id="727">
                    <coordinates>-150.10525008333332,62.29837808333333,0.0</coordinates>
                </Point>
            </Placemark>
            <Placemark id="730">
                <name>TNV</name>
                <description>Altitude Code: VH&lt;br&gt;Magnetic Deviation: E8°&lt;br&gt;City: NAVASOTA, TX&lt;br&gt;Frequency: 115.9 MHz</description>
                <styleUrl>#4</styleUrl>
                <Point id="729">
                    <coordinates>-96.0582398611111,30.288526500000003,0.0</coordinates>
                </Point>
            </Placemark>
            <Placemark id="732">
                <name>TOU</name>
                <description>Altitude Code: VH&lt;br&gt;Magnetic Deviation: E22°&lt;br&gt;City: NEAH BAY, WA&lt;br&gt;Frequency: 112.2 MHz</description>
                <styleUrl>#4</styleUrl>
                <Point id="731">
                    <coordinates>-124.62704333333333,48.29989916666666,0.0</coordinates>
                </Point>
            </Placemark>
            <Placemark id="734">
                <name>TRM</name>
                <description>Altitude Code: VH&lt;br&gt;Magnetic Deviation: E13°&lt;br&gt;City: PALM SPRINGS, CA&lt;br&gt;Frequency: 116.2 MHz</description>
                <styleUrl>#4</styleUrl>
                <Point id="733">
                    <coordinates>-116.16019355555557,33.62809658333333,0.0</coordinates>
                </Point>
            </Placemark>
            <Placemark id="736">
                <name>TTH</name>
                <description>Altitude Code: H&lt;br&gt;Magnetic Deviation: E2°&lt;br&gt;City: TERRE HAUTE, IN&lt;br&gt;Frequency: 115.3 MHz</description>
                <styleUrl>#4</styleUrl>
                <Point id="735">
                    <coordinates>-87.249013,39.48894175,0.0</coordinates>
                </Point>
            </Placemark>
            <Placemark id="738">
                <name>TTT</name>
                <description>Altitude Code: VH&lt;br&gt;Magnetic Deviation: E6°&lt;br&gt;City: DALLAS-FORT WORTH, TX&lt;br&gt;Frequency: 113.1 MHz</description>
                <styleUrl>#4</styleUrl>
                <Point id="737">
                    <coordinates>-97.04050241666667,32.86915972222222,0.0</coordinates>
                </Point>
            </Placemark>
            <Placemark id="740">
                <name>TUL</name>
                <description>Altitude Code: H&lt;br&gt;Magnetic Deviation: E8°&lt;br&gt;City: TULSA, OK&lt;br&gt;Frequency: 114.4 MHz</description>
                <styleUrl>#4</styleUrl>
                <Point id="739">
                    <coordinates>-95.78809038888889,36.196253416666664,0.0</coordinates>
                </Point>
            </Placemark>
            <Placemark id="742">
                <name>TUS</name>
                <description>Altitude Code: VH&lt;br&gt;Magnetic Deviation: E12°&lt;br&gt;City: TUCSON, AZ&lt;br&gt;Frequency: 116.0 MHz</description>
                <styleUrl>#4</styleUrl>
                <Point id="741">
                    <coordinates>-110.91485502777779,32.09520266666667,0.0</coordinates>
                </Point>
            </Placemark>
            <Placemark id="744">
                <name>TUT</name>
                <description>Altitude Code: H&lt;br&gt;Magnetic Deviation: E12°&lt;br&gt;City: PAGO PAGO, AS&lt;br&gt;Frequency: 112.5 MHz</description>
                <styleUrl>#4</styleUrl>
                <Point id="743">
                    <coordinates>-170.7082766388889,-14.332591805555555,0.0</coordinates>
                </Point>
            </Placemark>
            <Placemark id="746">
                <name>TVC</name>
                <description>Altitude Code: VH&lt;br&gt;Magnetic Deviation: W2°&lt;br&gt;City: TRAVERSE CITY, MI&lt;br&gt;Frequency: 114.6 MHz</description>
                <styleUrl>#4</styleUrl>
                <Point id="745">
                    <coordinates>-85.55001119444444,44.66791586111111,0.0</coordinates>
                </Point>
            </Placemark>
            <Placemark id="748">
                <name>TXK</name>
                <description>Altitude Code: VH&lt;br&gt;Magnetic Deviation: E7°&lt;br&gt;City: TEXARKANA, AR&lt;br&gt;Frequency: 116.3 MHz</description>
                <styleUrl>#4</styleUrl>
                <Point id="747">
                    <coordinates>-94.07323749999999,33.513882,0.0</coordinates>
                </Point>
            </Placemark>
            <Placemark id="750">
                <name>TXO</name>
                <description>Altitude Code: VH&lt;br&gt;Magnetic Deviation: E11°&lt;br&gt;City: TEXICO, TX&lt;br&gt;Frequency: 112.2 MHz</description>
                <styleUrl>#4</styleUrl>
                <Point id="749">
                    <coordinates>-102.83966327777777,34.495126694444444,0.0</coordinates>
                </Point>
            </Placemark>
            <Placemark id="752">
                <name>UBG</name>
                <description>Altitude Code: VH&lt;br&gt;Magnetic Deviation: E21°&lt;br&gt;City: NEWBERG, OR&lt;br&gt;Frequency: 117.4 MHz</description>
                <styleUrl>#4</styleUrl>
                <Point id="751">
                    <coordinates>-122.97814722222222,45.35323286111111,0.0</coordinates>
                </Point>
            </Placemark>
            <Placemark id="754">
                <name>UKW</name>
                <description>Altitude Code: H&lt;br&gt;Magnetic Deviation: E6°&lt;br&gt;City: BOWIE, TX&lt;br&gt;Frequency: 117.15 MHz</description>
                <styleUrl>#4</styleUrl>
                <Point id="753">
                    <coordinates>-97.82127855555555,33.53588688888889,0.0</coordinates>
                </Point>
            </Placemark>
            <Placemark id="756">
                <name>ULL</name>
                <description>Altitude Code: H&lt;br&gt;Magnetic Deviation: E10°&lt;br&gt;City: SAVOONGA, AK&lt;br&gt;Frequency: 117.3 MHz</description>
                <styleUrl>#4</styleUrl>
                <Point id="755">
                    <coordinates>-170.46990305555556,63.69232972222222,0.0</coordinates>
                </Point>
            </Placemark>
            <Placemark id="758">
                <name>UNK</name>
                <description>Altitude Code: H&lt;br&gt;Magnetic Deviation: E15°&lt;br&gt;City: UNALAKLEET, AK&lt;br&gt;Frequency: 116.9 MHz</description>
                <styleUrl>#4</styleUrl>
                <Point id="757">
                    <coordinates>-160.68427455555556,63.89194036111111,0.0</coordinates>
                </Point>
            </Placemark>
            <Placemark id="760">
                <name>UNZ</name>
                <description>Altitude Code: H&lt;br&gt;Magnetic Deviation: E2°&lt;br&gt;City: AGANA, GU&lt;br&gt;Frequency: 115.8 MHz</description>
                <styleUrl>#4</styleUrl>
                <Point id="759">
                    <coordinates>144.733323,13.454547499999999,0.0</coordinates>
                </Point>
            </Placemark>
            <Placemark id="762">
                <name>UPP</name>
                <description>Altitude Code: H&lt;br&gt;Magnetic Deviation: E11°&lt;br&gt;City: HAWI, HI&lt;br&gt;Frequency: 112.3 MHz</description>
                <styleUrl>#4</styleUrl>
                <Point id="761">
                    <coordinates>-155.84326666666666,20.20054111111111,0.0</coordinates>
                </Point>
            </Placemark>
            <Placemark id="764">
                <name>VHP</name>
                <description>Altitude Code: VH&lt;br&gt;Magnetic Deviation: E1°&lt;br&gt;City: INDIANAPOLIS, IN&lt;br&gt;Frequency: 116.3 MHz</description>
                <styleUrl>#4</styleUrl>
                <Point id="763">
                    <coordinates>-86.36749977777777,39.81472905555555,0.0</coordinates>
                </Point>
            </Placemark>
            <Placemark id="766">
                <name>VIO</name>
                <description>Altitude Code: VH&lt;br&gt;Magnetic Deviation: W4°&lt;br&gt;City: GRAND RAPIDS, MI&lt;br&gt;Frequency: 115.95 MHz</description>
                <styleUrl>#4</styleUrl>
                <Point id="765">
                    <coordinates>-85.49707277777777,42.786717277777775,0.0</coordinates>
                </Point>
            </Placemark>
            <Placemark id="768">
                <name>VKZ</name>
                <description>Altitude Code: VH&lt;br&gt;Magnetic Deviation: W4°&lt;br&gt;City: VIRGINIA KEY, FL&lt;br&gt;Frequency: 117.1 MHz</description>
                <styleUrl>#4</styleUrl>
                <Point id="767">
                    <coordinates>-80.15444344444445,25.75190152777778,0.0</coordinates>
                </Point>
            </Placemark>
            <Placemark id="770">
                <name>VUH</name>
                <description>Altitude Code: VH&lt;br&gt;Magnetic Deviation: E6°&lt;br&gt;City: GALVESTON, TX&lt;br&gt;Frequency: 113.0 MHz</description>
                <styleUrl>#4</styleUrl>
                <Point id="769">
                    <coordinates>-94.86772522222222,29.269334416666666,0.0</coordinates>
                </Point>
            </Placemark>
            <Placemark id="772">
                <name>VUZ</name>
                <description>Altitude Code: VH&lt;br&gt;Magnetic Deviation: E2°&lt;br&gt;City: BIRMINGHAM, AL&lt;br&gt;Frequency: 114.4 MHz</description>
                <styleUrl>#4</styleUrl>
                <Point id="771">
                    <coordinates>-86.89983716666667,33.67013233333333,0.0</coordinates>
                </Point>
            </Placemark>
            <Placemark id="774">
                <name>VXV</name>
                <description>Altitude Code: H&lt;br&gt;Magnetic Deviation: W3°&lt;br&gt;City: KNOXVILLE, TN&lt;br&gt;Frequency: 116.4 MHz</description>
                <styleUrl>#4</styleUrl>
                <Point id="773">
                    <coordinates>-83.8947203888889,35.90483869444444,0.0</coordinates>
                </Point>
            </Placemark>
            <Placemark id="776">
                <name>WLK</name>
                <description>Altitude Code: H&lt;br&gt;Magnetic Deviation: E16°&lt;br&gt;City: SELAWIK, AK&lt;br&gt;Frequency: 114.2 MHz</description>
                <styleUrl>#4</styleUrl>
                <Point id="775">
                    <coordinates>-159.99082841666666,66.59947608333333,0.0</coordinates>
                </Point>
            </Placemark>
            <Placemark id="778">
                <name>YAK</name>
                <description>Altitude Code: H&lt;br&gt;Magnetic Deviation: E20°&lt;br&gt;City: YAKUTAT, AK&lt;br&gt;Frequency: 113.3 MHz</description>
                <styleUrl>#4</styleUrl>
                <Point id="777">
                    <coordinates>-139.64812733333332,59.510831055555556,0.0</coordinates>
                </Point>
            </Placemark>
            <Placemark id="780">
                <name>YBC</name>
                <description>Altitude Code: H&lt;br&gt;Magnetic Deviation: W18°&lt;br&gt;City: BAIE-COMEAU, nan&lt;br&gt;Frequency: 117.7 MHz</description>
                <styleUrl>#4</styleUrl>
                <Point id="779">
                    <coordinates>-68.22203011111111,49.13402161111111,0.0</coordinates>
                </Point>
            </Placemark>
            <Placemark id="782">
                <name>YDC</name>
                <description>Altitude Code: H&lt;br&gt;Magnetic Deviation: E16°&lt;br&gt;City: PRINCETON, nan&lt;br&gt;Frequency: 113.9 MHz</description>
                <styleUrl>#4</styleUrl>
                <Point id="781">
                    <coordinates>-120.37371833333333,49.38155416666667,0.0</coordinates>
                </Point>
            </Placemark>
            <Placemark id="784">
                <name>YKM</name>
                <description>Altitude Code: VH&lt;br&gt;Magnetic Deviation: E21°&lt;br&gt;City: YAKIMA, WA&lt;br&gt;Frequency: 116.0 MHz</description>
                <styleUrl>#4</styleUrl>
                <Point id="783">
                    <coordinates>-120.44463677777779,46.57024361111112,0.0</coordinates>
                </Point>
            </Placemark>
            <Placemark id="786">
                <name>YQL</name>
                <description>Altitude Code: H&lt;br&gt;Magnetic Deviation: E11°&lt;br&gt;City: LETHBRIDGE, nan&lt;br&gt;Frequency: 115.7 MHz</description>
                <styleUrl>#4</styleUrl>
                <Point id="785">
                    <coordinates>-112.66778469444445,49.63439922222222,0.0</coordinates>
                </Point>
            </Placemark>
            <Placemark id="788">
                <name>YVO</name>
                <description>Altitude Code: H&lt;br&gt;Magnetic Deviation: W14°&lt;br&gt;City: VAL-D'OR, nan&lt;br&gt;Frequency: 113.7 MHz</description>
                <styleUrl>#4</styleUrl>
                <Point id="787">
                    <coordinates>-77.82075555555555,48.17508055555555,0.0</coordinates>
                </Point>
            </Placemark>
            <Placemark id="790">
                <name>YVR</name>
                <description>Altitude Code: H&lt;br&gt;Magnetic Deviation: E17°&lt;br&gt;City: VANCOUVER, nan&lt;br&gt;Frequency: 115.9 MHz</description>
                <styleUrl>#4</styleUrl>
                <Point id="789">
                    <coordinates>-123.14907222222223,49.07731944444445,0.0</coordinates>
                </Point>
            </Placemark>
            <Placemark id="792">
                <name>YXU</name>
                <description>Altitude Code: H&lt;br&gt;Magnetic Deviation: W8°&lt;br&gt;City: LONDON, nan&lt;br&gt;Frequency: 117.2 MHz</description>
                <styleUrl>#4</styleUrl>
                <Point id="791">
                    <coordinates>-81.14892961111111,43.037910555555555,0.0</coordinates>
                </Point>
            </Placemark>
            <Placemark id="794">
                <name>YYR</name>
                <description>Altitude Code: H&lt;br&gt;Magnetic Deviation: W21°&lt;br&gt;City: GOOSE BAY, nan&lt;br&gt;Frequency: 112.9 MHz</description>
                <styleUrl>#4</styleUrl>
                <Point id="793">
                    <coordinates>-60.293997222222224,53.31961944444445,0.0</coordinates>
                </Point>
            </Placemark>
            <Placemark id="796">
                <name>ZBV</name>
                <description>Altitude Code: H&lt;br&gt;Magnetic Deviation: W4°&lt;br&gt;City: BIMINI, nan&lt;br&gt;Frequency: 116.7 MHz</description>
                <styleUrl>#4</styleUrl>
                <Point id="795">
                    <coordinates>-79.29363888888889,25.703916666666665,0.0</coordinates>
                </Point>
            </Placemark>
            <Placemark id="798">
                <name>ZFP</name>
                <description>Altitude Code: H&lt;br&gt;Magnetic Deviation: W3°&lt;br&gt;City: FREEPORT, nan&lt;br&gt;Frequency: 113.2 MHz</description>
                <styleUrl>#4</styleUrl>
                <Point id="797">
                    <coordinates>-78.69784722222222,26.555347222222224,0.0</coordinates>
                </Point>
            </Placemark>
            <Placemark id="800">
                <name>ZQA</name>
                <description>Altitude Code: H&lt;br&gt;Magnetic Deviation: W6°&lt;br&gt;City: NASSAU, nan&lt;br&gt;Frequency: 112.7 MHz</description>
                <styleUrl>#4</styleUrl>
                <Point id="799">
                    <coordinates>-77.44641666666666,25.025499999999997,0.0</coordinates>
                </Point>
            </Placemark>
            <Placemark id="802">
                <name>ZTC</name>
                <description>Altitude Code: H&lt;br&gt;Magnetic Deviation: W5°&lt;br&gt;City: ABACO ISLAND, nan&lt;br&gt;Frequency: 112.9 MHz</description>
                <styleUrl>#4</styleUrl>
                <Point id="801">
                    <coordinates>-77.37916666666666,26.734722222222224,0.0</coordinates>
                </Point>
            </Placemark>
            <Placemark id="804">
                <name>ZUN</name>
                <description>Altitude Code: VH&lt;br&gt;Magnetic Deviation: E14°&lt;br&gt;City: ZUNI PUEBLO, NM&lt;br&gt;Frequency: 113.4 MHz</description>
                <styleUrl>#4</styleUrl>
                <Point id="803">
                    <coordinates>-109.15450944444444,34.96575333333334,0.0</coordinates>
                </Point>
            </Placemark>
        </Folder>
        <Folder id="3">
            <Style id="805">
                <IconStyle id="806">
                    <color>ff00ffff</color>
                    <colorMode>normal</colorMode>
                    <scale>1.0</scale>
                    <heading>0</heading>
                    <Icon id="807">
                        <href>http://maps.google.com/mapfiles/kml/shapes/placemark_circle.png</href>
                    </Icon>
                </IconStyle>
            </Style>
            <name>Low Altitude VOR Stations</name>
            <Placemark id="809">
                <name>ACO</name>
                <description>Altitude Code: L&lt;br&gt;Magnetic Deviation: W4°&lt;br&gt;City: AKRON, OH&lt;br&gt;Frequency: 114.4 MHz</description>
                <styleUrl>#805</styleUrl>
                <Point id="808">
                    <coordinates>-81.20151891666667,41.10790311111111,0.0</coordinates>
                </Point>
            </Placemark>
            <Placemark id="811">
                <name>ACV</name>
                <description>Altitude Code: VL&lt;br&gt;Magnetic Deviation: E17°&lt;br&gt;City: ARCATA/EUREKA, CA&lt;br&gt;Frequency: 115.05 MHz</description>
                <styleUrl>#805</styleUrl>
                <Point id="810">
                    <coordinates>-124.108319,40.98144275,0.0</coordinates>
                </Point>
            </Placemark>
            <Placemark id="813">
                <name>ACY</name>
                <description>Altitude Code: VL&lt;br&gt;Magnetic Deviation: W10°&lt;br&gt;City: ATLANTIC CITY, NJ&lt;br&gt;Frequency: 117.15 MHz</description>
                <styleUrl>#805</styleUrl>
                <Point id="812">
                    <coordinates>-74.57631472222222,39.45587480555556,0.0</coordinates>
                </Point>
            </Placemark>
            <Placemark id="815">
                <name>ADW</name>
                <description>Altitude Code: L&lt;br&gt;Magnetic Deviation: W10°&lt;br&gt;City: CAMP SPRINGS, MD&lt;br&gt;Frequency: 113.1 MHz</description>
                <styleUrl>#805</styleUrl>
                <Point id="814">
                    <coordinates>-76.86625555555555,38.80721944444444,0.0</coordinates>
                </Point>
            </Placemark>
            <Placemark id="817">
                <name>AGC</name>
                <description>Altitude Code: L&lt;br&gt;Magnetic Deviation: W9°&lt;br&gt;City: PITTSBURGH, PA&lt;br&gt;Frequency: 110.0 MHz</description>
                <styleUrl>#805</styleUrl>
                <Point id="816">
                    <coordinates>-80.04085469444445,40.27864386111111,0.0</coordinates>
                </Point>
            </Placemark>
            <Placemark id="819">
                <name>AIA</name>
                <description>Altitude Code: VL&lt;br&gt;Magnetic Deviation: E11°&lt;br&gt;City: ALLIANCE, NE&lt;br&gt;Frequency: 111.8 MHz</description>
                <styleUrl>#805</styleUrl>
                <Point id="818">
                    <coordinates>-102.80444361111111,42.05563094444444,0.0</coordinates>
                </Point>
            </Placemark>
            <Placemark id="821">
                <name>ALB</name>
                <description>Altitude Code: L&lt;br&gt;Magnetic Deviation: W13°&lt;br&gt;City: ALBANY, NY&lt;br&gt;Frequency: 115.3 MHz</description>
                <styleUrl>#805</styleUrl>
                <Point id="820">
                    <coordinates>-73.80318397222221,42.74728047222222,0.0</coordinates>
                </Point>
            </Placemark>
            <Placemark id="823">
                <name>ALD</name>
                <description>Altitude Code: VL&lt;br&gt;Magnetic Deviation: W1°&lt;br&gt;City: ALLENDALE, SC&lt;br&gt;Frequency: 116.7 MHz</description>
                <styleUrl>#805</styleUrl>
                <Point id="822">
                    <coordinates>-81.29223222222222,33.01249422222222,0.0</coordinates>
                </Point>
            </Placemark>
            <Placemark id="825">
                <name>ALI</name>
                <description>Altitude Code: VL&lt;br&gt;Magnetic Deviation: E6°&lt;br&gt;City: ALICE, TX&lt;br&gt;Frequency: 114.5 MHz</description>
                <styleUrl>#805</styleUrl>
                <Point id="824">
                    <coordinates>-98.02134288888888,27.7397995,0.0</coordinates>
                </Point>
            </Placemark>
            <Placemark id="827">
                <name>ALO</name>
                <description>Altitude Code: L&lt;br&gt;Magnetic Deviation: E0°&lt;br&gt;City: WATERLOO, IA&lt;br&gt;Frequency: 112.2 MHz</description>
                <styleUrl>#805</styleUrl>
                <Point id="826">
                    <coordinates>-92.39892391666667,42.556496555555555,0.0</coordinates>
                </Point>
            </Placemark>
            <Placemark id="829">
                <name>ALW</name>
                <description>Altitude Code: VL&lt;br&gt;Magnetic Deviation: E14°&lt;br&gt;City: WALLA WALLA, WA&lt;br&gt;Frequency: 116.4 MHz</description>
                <styleUrl>#805</styleUrl>
                <Point id="828">
                    <coordinates>-118.29253527777777,46.086976750000005,0.0</coordinates>
                </Point>
            </Placemark>
            <Placemark id="831">
                <name>AML</name>
                <description>Altitude Code: L&lt;br&gt;Magnetic Deviation: W8°&lt;br&gt;City: HERNDON, VA&lt;br&gt;Frequency: 113.5 MHz</description>
                <styleUrl>#805</styleUrl>
                <Point id="830">
                    <coordinates>-77.46670175,38.93459247222222,0.0</coordinates>
                </Point>
            </Placemark>
            <Placemark id="833">
                <name>ANW</name>
                <description>Altitude Code: VL&lt;br&gt;Magnetic Deviation: E9°&lt;br&gt;City: AINSWORTH, NE&lt;br&gt;Frequency: 112.7 MHz</description>
                <styleUrl>#805</styleUrl>
                <Point id="832">
                    <coordinates>-99.98966111111112,42.56911388888889,0.0</coordinates>
                </Point>
            </Placemark>
            <Placemark id="835">
                <name>ANX</name>
                <description>Altitude Code: VL&lt;br&gt;Magnetic Deviation: E7°&lt;br&gt;City: NAPOLEON, MO&lt;br&gt;Frequency: 115.15 MHz</description>
                <styleUrl>#805</styleUrl>
                <Point id="834">
                    <coordinates>-94.12883472222221,39.09542388888889,0.0</coordinates>
                </Point>
            </Placemark>
            <Placemark id="837">
                <name>APN</name>
                <description>Altitude Code: VL&lt;br&gt;Magnetic Deviation: W7°&lt;br&gt;City: ALPENA, MI&lt;br&gt;Frequency: 116.5 MHz</description>
                <styleUrl>#805</styleUrl>
                <Point id="836">
                    <coordinates>-83.5570035,45.08277863888889,0.0</coordinates>
                </Point>
            </Placemark>
            <Placemark id="839">
                <name>ARD</name>
                <description>Altitude Code: L&lt;br&gt;Magnetic Deviation: W10°&lt;br&gt;City: YARDLEY, PA&lt;br&gt;Frequency: 108.2 MHz</description>
                <styleUrl>#805</styleUrl>
                <Point id="838">
                    <coordinates>-74.9076123888889,40.25334247222222,0.0</coordinates>
                </Point>
            </Placemark>
            <Placemark id="841">
                <name>ART</name>
                <description>Altitude Code: L&lt;br&gt;Magnetic Deviation: W12°&lt;br&gt;City: WATERTOWN, NY&lt;br&gt;Frequency: 109.8 MHz</description>
                <styleUrl>#805</styleUrl>
                <Point id="840">
                    <coordinates>-76.06462686111111,43.952131666666666,0.0</coordinates>
                </Point>
            </Placemark>
            <Placemark id="843">
                <name>AST</name>
                <description>Altitude Code: VL&lt;br&gt;Magnetic Deviation: E15°&lt;br&gt;City: ASTORIA, OR&lt;br&gt;Frequency: 114.0 MHz</description>
                <styleUrl>#805</styleUrl>
                <Point id="842">
                    <coordinates>-123.88037527777777,46.16169902777778,0.0</coordinates>
                </Point>
            </Placemark>
            <Placemark id="845">
                <name>ATR</name>
                <description>Altitude Code: VL&lt;br&gt;Magnetic Deviation: W9°&lt;br&gt;City: WATERLOO, DE&lt;br&gt;Frequency: 112.6 MHz</description>
                <styleUrl>#805</styleUrl>
                <Point id="844">
                    <coordinates>-75.21132236111112,38.80981022222222,0.0</coordinates>
                </Point>
            </Placemark>
            <Placemark id="847">
                <name>AUG</name>
                <description>Altitude Code: VL&lt;br&gt;Magnetic Deviation: W18°&lt;br&gt;City: AUGUSTA, ME&lt;br&gt;Frequency: 114.95 MHz</description>
                <styleUrl>#805</styleUrl>
                <Point id="846">
                    <coordinates>-69.79656430555555,44.32002036111111,0.0</coordinates>
                </Point>
            </Placemark>
            <Placemark id="849">
                <name>AXN</name>
                <description>Altitude Code: VL&lt;br&gt;Magnetic Deviation: E7°&lt;br&gt;City: ALEXANDRIA, MN&lt;br&gt;Frequency: 115.95 MHz</description>
                <styleUrl>#805</styleUrl>
                <Point id="848">
                    <coordinates>-95.23263483333334,45.958388250000006,0.0</coordinates>
                </Point>
            </Placemark>
            <Placemark id="851">
                <name>AYS</name>
                <description>Altitude Code: VL&lt;br&gt;Magnetic Deviation: E0°&lt;br&gt;City: WAYCROSS, GA&lt;br&gt;Frequency: 112.4 MHz</description>
                <styleUrl>#805</styleUrl>
                <Point id="850">
                    <coordinates>-82.55644555555556,31.269425277777778,0.0</coordinates>
                </Point>
            </Placemark>
            <Placemark id="853">
                <name>BAF</name>
                <description>Altitude Code: VL&lt;br&gt;Magnetic Deviation: W14°&lt;br&gt;City: WESTFIELD/SPRINGFIELD, MA&lt;br&gt;Frequency: 113.0 MHz</description>
                <styleUrl>#805</styleUrl>
                <Point id="852">
                    <coordinates>-72.7161995,42.16195908333333,0.0</coordinates>
                </Point>
            </Placemark>
            <Placemark id="855">
                <name>BAL</name>
                <description>Altitude Code: L&lt;br&gt;Magnetic Deviation: W11°&lt;br&gt;City: BALTIMORE, MD&lt;br&gt;Frequency: 115.1 MHz</description>
                <styleUrl>#805</styleUrl>
                <Point id="854">
                    <coordinates>-76.66125625000001,39.17106341666666,0.0</coordinates>
                </Point>
            </Placemark>
            <Placemark id="857">
                <name>BDR</name>
                <description>Altitude Code: L&lt;br&gt;Magnetic Deviation: W12°&lt;br&gt;City: BRIDGEPORT, CT&lt;br&gt;Frequency: 108.8 MHz</description>
                <styleUrl>#805</styleUrl>
                <Point id="856">
                    <coordinates>-73.12448630555555,41.160705666666665,0.0</coordinates>
                </Point>
            </Placemark>
            <Placemark id="859">
                <name>BFM</name>
                <description>Altitude Code: L&lt;br&gt;Magnetic Deviation: E4°&lt;br&gt;City: MOBILE, AL&lt;br&gt;Frequency: 116.35 MHz</description>
                <styleUrl>#805</styleUrl>
                <Point id="858">
                    <coordinates>-88.05549347222222,30.612721055555557,0.0</coordinates>
                </Point>
            </Placemark>
            <Placemark id="861">
                <name>BFV</name>
                <description>Altitude Code: L&lt;br&gt;Magnetic Deviation: E5°&lt;br&gt;City: CLINTON, OK&lt;br&gt;Frequency: 110.0 MHz</description>
                <styleUrl>#805</styleUrl>
                <Point id="860">
                    <coordinates>-99.20616666666668,35.23694444444445,0.0</coordinates>
                </Point>
            </Placemark>
            <Placemark id="863">
                <name>BGS</name>
                <description>Altitude Code: VL&lt;br&gt;Magnetic Deviation: E11°&lt;br&gt;City: BIG SPRING, TX&lt;br&gt;Frequency: 117.2 MHz</description>
                <styleUrl>#805</styleUrl>
                <Point id="862">
                    <coordinates>-101.48368277777777,32.38558833333333,0.0</coordinates>
                </Point>
            </Placemark>
            <Placemark id="865">
                <name>BIB</name>
                <description>Altitude Code: L&lt;br&gt;Magnetic Deviation: E3°&lt;br&gt;City: BIBLE GROVE, IL&lt;br&gt;Frequency: 109.0 MHz</description>
                <styleUrl>#805</styleUrl>
                <Point id="864">
                    <coordinates>-88.48180463888889,38.92034533333333,0.0</coordinates>
                </Point>
            </Placemark>
            <Placemark id="867">
                <name>BIH</name>
                <description>Altitude Code: VL&lt;br&gt;Magnetic Deviation: E15°&lt;br&gt;City: BISHOP, CA&lt;br&gt;Frequency: 113.35 MHz</description>
                <styleUrl>#805</styleUrl>
                <Point id="866">
                    <coordinates>-118.36652638888889,37.37694991666667,0.0</coordinates>
                </Point>
            </Placemark>
            <Placemark id="869">
                <name>BIS</name>
                <description>Altitude Code: VL&lt;br&gt;Magnetic Deviation: E12°&lt;br&gt;City: BISMARCK, ND&lt;br&gt;Frequency: 115.65 MHz</description>
                <styleUrl>#805</styleUrl>
                <Point id="868">
                    <coordinates>-100.66540711111112,46.761761194444446,0.0</coordinates>
                </Point>
            </Placemark>
            <Placemark id="871">
                <name>BLF</name>
                <description>Altitude Code: VL&lt;br&gt;Magnetic Deviation: W3°&lt;br&gt;City: BLUEFIELD, WV&lt;br&gt;Frequency: 115.05 MHz</description>
                <styleUrl>#805</styleUrl>
                <Point id="870">
                    <coordinates>-81.19426936111111,37.306440305555554,0.0</coordinates>
                </Point>
            </Placemark>
            <Placemark id="873">
                <name>BQS</name>
                <description>Altitude Code: VL&lt;br&gt;Magnetic Deviation: E3°&lt;br&gt;City: BRAYMER, MO&lt;br&gt;Frequency: 115.35 MHz</description>
                <styleUrl>#805</styleUrl>
                <Point id="872">
                    <coordinates>-93.87527777777777,39.63055555555555,0.0</coordinates>
                </Point>
            </Placemark>
            <Placemark id="875">
                <name>BQU</name>
                <description>Altitude Code: VL&lt;br&gt;Magnetic Deviation: E17°&lt;br&gt;City: ELKO, NV&lt;br&gt;Frequency: 115.85 MHz</description>
                <styleUrl>#805</styleUrl>
                <Point id="874">
                    <coordinates>-115.76137625,40.75967661111111,0.0</coordinates>
                </Point>
            </Placemark>
            <Placemark id="877">
                <name>BQZ</name>
                <description>Altitude Code: VL&lt;br&gt;Magnetic Deviation: E13°&lt;br&gt;City: STEAMBOAT SPRINGS, CO&lt;br&gt;Frequency: 112.2 MHz</description>
                <styleUrl>#805</styleUrl>
                <Point id="876">
                    <coordinates>-106.87230149999999,40.463763500000006,0.0</coordinates>
                </Point>
            </Placemark>
            <Placemark id="879">
                <name>BRL</name>
                <description>Altitude Code: VL&lt;br&gt;Magnetic Deviation: E5°&lt;br&gt;City: BURLINGTON, IA&lt;br&gt;Frequency: 115.55 MHz</description>
                <styleUrl>#805</styleUrl>
                <Point id="878">
                    <coordinates>-90.92588972222222,40.72345583333333,0.0</coordinates>
                </Point>
            </Placemark>
            <Placemark id="881">
                <name>BRV</name>
                <description>Altitude Code: L&lt;br&gt;Magnetic Deviation: W9°&lt;br&gt;City: BROOKE, VA&lt;br&gt;Frequency: 114.5 MHz</description>
                <styleUrl>#805</styleUrl>
                <Point id="880">
                    <coordinates>-77.35286552777777,38.336257333333336,0.0</coordinates>
                </Point>
            </Placemark>
            <Placemark id="883">
                <name>BSR</name>
                <description>Altitude Code: L&lt;br&gt;Magnetic Deviation: E16°&lt;br&gt;City: BIG SUR, CA&lt;br&gt;Frequency: 114.0 MHz</description>
                <styleUrl>#805</styleUrl>
                <Point id="882">
                    <coordinates>-121.64211222222222,36.18129555555555,0.0</coordinates>
                </Point>
            </Placemark>
            <Placemark id="885">
                <name>BSV</name>
                <description>Altitude Code: VL&lt;br&gt;Magnetic Deviation: W4°&lt;br&gt;City: BRIGGS, OH&lt;br&gt;Frequency: 114.05 MHz</description>
                <styleUrl>#805</styleUrl>
                <Point id="884">
                    <coordinates>-81.43211711111111,40.74070638888889,0.0</coordinates>
                </Point>
            </Placemark>
            <Placemark id="887">
                <name>BTV</name>
                <description>Altitude Code: VL&lt;br&gt;Magnetic Deviation: W15°&lt;br&gt;City: BURLINGTON, VT&lt;br&gt;Frequency: 117.5 MHz</description>
                <styleUrl>#805</styleUrl>
                <Point id="886">
                    <coordinates>-73.18263472222223,44.397104722222224,0.0</coordinates>
                </Point>
            </Placemark>
            <Placemark id="889">
                <name>BVO</name>
                <description>Altitude Code: VL&lt;br&gt;Magnetic Deviation: E8°&lt;br&gt;City: BARTLESVILLE, OK&lt;br&gt;Frequency: 117.9 MHz</description>
                <styleUrl>#805</styleUrl>
                <Point id="888">
                    <coordinates>-96.01843097222222,36.83433472222222,0.0</coordinates>
                </Point>
            </Placemark>
            <Placemark id="891">
                <name>BWD</name>
                <description>Altitude Code: VL&lt;br&gt;Magnetic Deviation: E8°&lt;br&gt;City: BROWNWOOD, TX&lt;br&gt;Frequency: 113.55 MHz</description>
                <styleUrl>#805</styleUrl>
                <Point id="890">
                    <coordinates>-98.95746019444445,31.892582527777776,0.0</coordinates>
                </Point>
            </Placemark>
            <Placemark id="893">
                <name>BWZ</name>
                <description>Altitude Code: L&lt;br&gt;Magnetic Deviation: W11°&lt;br&gt;City: SCHOOLEY'S MOUNTAIN, NJ&lt;br&gt;Frequency: 114.2 MHz</description>
                <styleUrl>#805</styleUrl>
                <Point id="892">
                    <coordinates>-74.8218325,40.798432777777776,0.0</coordinates>
                </Point>
            </Placemark>
            <Placemark id="895">
                <name>BXK</name>
                <description>Altitude Code: L&lt;br&gt;Magnetic Deviation: E14°&lt;br&gt;City: BUCKEYE, AZ&lt;br&gt;Frequency: 110.6 MHz</description>
                <styleUrl>#805</styleUrl>
                <Point id="894">
                    <coordinates>-112.82459369444445,33.45345869444445,0.0</coordinates>
                </Point>
            </Placemark>
            <Placemark id="897">
                <name>BYI</name>
                <description>Altitude Code: L&lt;br&gt;Magnetic Deviation: E18°&lt;br&gt;City: BURLEY, ID&lt;br&gt;Frequency: 114.1 MHz</description>
                <styleUrl>#805</styleUrl>
                <Point id="896">
                    <coordinates>-113.86585758333332,42.58023936111111,0.0</coordinates>
                </Point>
            </Placemark>
            <Placemark id="899">
                <name>BZM</name>
                <description>Altitude Code: VL&lt;br&gt;Magnetic Deviation: W6°&lt;br&gt;City: HICKORY, NC&lt;br&gt;Frequency: 113.75 MHz</description>
                <styleUrl>#805</styleUrl>
                <Point id="898">
                    <coordinates>-81.24052888888889,35.86885388888889,0.0</coordinates>
                </Point>
            </Placemark>
            <Placemark id="901">
                <name>CAM</name>
                <description>Altitude Code: VL&lt;br&gt;Magnetic Deviation: W14°&lt;br&gt;City: CAMBRIDGE, NY&lt;br&gt;Frequency: 115.0 MHz</description>
                <styleUrl>#805</styleUrl>
                <Point id="900">
                    <coordinates>-73.34401891666666,42.994288833333336,0.0</coordinates>
                </Point>
            </Placemark>
            <Placemark id="903">
                <name>CBM</name>
                <description>Altitude Code: L&lt;br&gt;Magnetic Deviation: E0°&lt;br&gt;City: COLUMBUS, MS&lt;br&gt;Frequency: 115.2 MHz</description>
                <styleUrl>#805</styleUrl>
                <Point id="902">
                    <coordinates>-88.43857222222222,33.641533333333335,0.0</coordinates>
                </Point>
            </Placemark>
            <Placemark id="905">
                <name>CCC</name>
                <description>Altitude Code: L&lt;br&gt;Magnetic Deviation: W13°&lt;br&gt;City: CALVERTON, NY&lt;br&gt;Frequency: 114.55 MHz</description>
                <styleUrl>#805</styleUrl>
                <Point id="904">
                    <coordinates>-72.79885825,40.92961883333333,0.0</coordinates>
                </Point>
            </Placemark>
            <Placemark id="907">
                <name>CDS</name>
                <description>Altitude Code: VL&lt;br&gt;Magnetic Deviation: E10°&lt;br&gt;City: CHILDRESS, TX&lt;br&gt;Frequency: 117.0 MHz</description>
                <styleUrl>#805</styleUrl>
                <Point id="906">
                    <coordinates>-100.28902758333334,34.36906502777778,0.0</coordinates>
                </Point>
            </Placemark>
            <Placemark id="909">
                <name>CEC</name>
                <description>Altitude Code: L&lt;br&gt;Magnetic Deviation: E14°&lt;br&gt;City: CRESCENT CITY, CA&lt;br&gt;Frequency: 109.0 MHz</description>
                <styleUrl>#805</styleUrl>
                <Point id="908">
                    <coordinates>-124.24084708333334,41.77957883333333,0.0</coordinates>
                </Point>
            </Placemark>
            <Placemark id="911">
                <name>CEZ</name>
                <description>Altitude Code: VL&lt;br&gt;Magnetic Deviation: E14°&lt;br&gt;City: CORTEZ, CO&lt;br&gt;Frequency: 114.35 MHz</description>
                <styleUrl>#805</styleUrl>
                <Point id="910">
                    <coordinates>-108.5617515,37.389849777777776,0.0</coordinates>
                </Point>
            </Placemark>
            <Placemark id="913">
                <name>CFB</name>
                <description>Altitude Code: L&lt;br&gt;Magnetic Deviation: W10°&lt;br&gt;City: BINGHAMTON, NY&lt;br&gt;Frequency: 112.2 MHz</description>
                <styleUrl>#805</styleUrl>
                <Point id="912">
                    <coordinates>-76.13647161111112,42.15749036111111,0.0</coordinates>
                </Point>
            </Placemark>
            <Placemark id="915">
                <name>CGT</name>
                <description>Altitude Code: L&lt;br&gt;Magnetic Deviation: E2°&lt;br&gt;City: CHICAGO HEIGHTS, IL&lt;br&gt;Frequency: 114.2 MHz</description>
                <styleUrl>#805</styleUrl>
                <Point id="914">
                    <coordinates>-87.5715461111111,41.510006583333336,0.0</coordinates>
                </Point>
            </Placemark>
            <Placemark id="917">
                <name>CKB</name>
                <description>Altitude Code: L&lt;br&gt;Magnetic Deviation: W4°&lt;br&gt;City: CLARKSBURG, WV&lt;br&gt;Frequency: 112.6 MHz</description>
                <styleUrl>#805</styleUrl>
                <Point id="916">
                    <coordinates>-80.26786161111112,39.25321780555556,0.0</coordinates>
                </Point>
            </Placemark>
            <Placemark id="919">
                <name>CLL</name>
                <description>Altitude Code: L&lt;br&gt;Magnetic Deviation: E8°&lt;br&gt;City: COLLEGE STATION, TX&lt;br&gt;Frequency: 113.3 MHz</description>
                <styleUrl>#805</styleUrl>
                <Point id="918">
                    <coordinates>-96.42068075,30.605001722222223,0.0</coordinates>
                </Point>
            </Placemark>
            <Placemark id="921">
                <name>CLT</name>
                <description>Altitude Code: L&lt;br&gt;Magnetic Deviation: W5°&lt;br&gt;City: CHARLOTTE, NC&lt;br&gt;Frequency: 115.0 MHz</description>
                <styleUrl>#805</styleUrl>
                <Point id="920">
                    <coordinates>-80.95175344444445,35.19028866666666,0.0</coordinates>
                </Point>
            </Placemark>
            <Placemark id="923">
                <name>CMA</name>
                <description>Altitude Code: VL&lt;br&gt;Magnetic Deviation: E15°&lt;br&gt;City: CAMARILLO, CA&lt;br&gt;Frequency: 116.85 MHz</description>
                <styleUrl>#805</styleUrl>
                <Point id="922">
                    <coordinates>-119.09435519444445,34.21252102777778,0.0</coordinates>
                </Point>
            </Placemark>
            <Placemark id="925">
                <name>CMI</name>
                <description>Altitude Code: VL&lt;br&gt;Magnetic Deviation: E3°&lt;br&gt;City: CHAMPAIGN/URBANA, IL&lt;br&gt;Frequency: 115.75 MHz</description>
                <styleUrl>#805</styleUrl>
                <Point id="924">
                    <coordinates>-88.2760755,40.03453125,0.0</coordinates>
                </Point>
            </Placemark>
            <Placemark id="927">
                <name>CMK</name>
                <description>Altitude Code: L&lt;br&gt;Magnetic Deviation: W12°&lt;br&gt;City: CARMEL, NY&lt;br&gt;Frequency: 116.6 MHz</description>
                <styleUrl>#805</styleUrl>
                <Point id="926">
                    <coordinates>-73.58132641666667,41.28008941666666,0.0</coordinates>
                </Point>
            </Placemark>
            <Placemark id="929">
                <name>CMX</name>
                <description>Altitude Code: VL&lt;br&gt;Magnetic Deviation: W2°&lt;br&gt;City: HANCOCK, MI&lt;br&gt;Frequency: 112.8 MHz</description>
                <styleUrl>#805</styleUrl>
                <Point id="928">
                    <coordinates>-88.485393,47.17026166666666,0.0</coordinates>
                </Point>
            </Placemark>
            <Placemark id="931">
                <name>CNG</name>
                <description>Altitude Code: VL&lt;br&gt;Magnetic Deviation: E3°&lt;br&gt;City: PADUCAH, KY&lt;br&gt;Frequency: 113.1 MHz</description>
                <styleUrl>#805</styleUrl>
                <Point id="930">
                    <coordinates>-88.83691277777777,37.00860927777778,0.0</coordinates>
                </Point>
            </Placemark>
            <Placemark id="933">
                <name>CNM</name>
                <description>Altitude Code: VL&lt;br&gt;Magnetic Deviation: E12°&lt;br&gt;City: CARLSBAD, NM&lt;br&gt;Frequency: 116.3 MHz</description>
                <styleUrl>#805</styleUrl>
                <Point id="932">
                    <coordinates>-104.22603761111111,32.25661338888889,0.0</coordinates>
                </Point>
            </Placemark>
            <Placemark id="935">
                <name>COD</name>
                <description>Altitude Code: VL&lt;br&gt;Magnetic Deviation: E14°&lt;br&gt;City: CODY, WY&lt;br&gt;Frequency: 111.8 MHz</description>
                <styleUrl>#805</styleUrl>
                <Point id="934">
                    <coordinates>-108.96491725,44.62045152777778,0.0</coordinates>
                </Point>
            </Placemark>
            <Placemark id="937">
                <name>COL</name>
                <description>Altitude Code: L&lt;br&gt;Magnetic Deviation: W11°&lt;br&gt;City: COLTS NECK, NJ&lt;br&gt;Frequency: 115.4 MHz</description>
                <styleUrl>#805</styleUrl>
                <Point id="936">
                    <coordinates>-74.15972847222223,40.311629527777775,0.0</coordinates>
                </Point>
            </Placemark>
            <Placemark id="939">
                <name>CON</name>
                <description>Altitude Code: L&lt;br&gt;Magnetic Deviation: W15°&lt;br&gt;City: CONCORD, NH&lt;br&gt;Frequency: 112.9 MHz</description>
                <styleUrl>#805</styleUrl>
                <Point id="938">
                    <coordinates>-71.575453,43.219787000000004,0.0</coordinates>
                </Point>
            </Placemark>
            <Placemark id="941">
                <name>COT</name>
                <description>Altitude Code: VL&lt;br&gt;Magnetic Deviation: E9°&lt;br&gt;City: COTULLA, TX&lt;br&gt;Frequency: 115.8 MHz</description>
                <styleUrl>#805</styleUrl>
                <Point id="940">
                    <coordinates>-99.11854502777777,28.462017666666664,0.0</coordinates>
                </Point>
            </Placemark>
            <Placemark id="943">
                <name>COU</name>
                <description>Altitude Code: L&lt;br&gt;Magnetic Deviation: E0°&lt;br&gt;City: COLUMBIA, MO&lt;br&gt;Frequency: 110.2 MHz</description>
                <styleUrl>#805</styleUrl>
                <Point id="942">
                    <coordinates>-92.21827388888889,38.81082333333333,0.0</coordinates>
                </Point>
            </Placemark>
            <Placemark id="945">
                <name>COY</name>
                <description>Altitude Code: L&lt;br&gt;Magnetic Deviation: W10°&lt;br&gt;City: ST CROIX, VI&lt;br&gt;Frequency: 108.2 MHz</description>
                <styleUrl>#805</styleUrl>
                <Point id="944">
                    <coordinates>-64.70075255555555,17.734502222222222,0.0</coordinates>
                </Point>
            </Placemark>
            <Placemark id="947">
                <name>CPN</name>
                <description>Altitude Code: VL&lt;br&gt;Magnetic Deviation: E16°&lt;br&gt;City: BUTTE, MT&lt;br&gt;Frequency: 116.05 MHz</description>
                <styleUrl>#805</styleUrl>
                <Point id="946">
                    <coordinates>-112.74752777777778,46.032,0.0</coordinates>
                </Point>
            </Placemark>
            <Placemark id="949">
                <name>CQY</name>
                <description>Altitude Code: L&lt;br&gt;Magnetic Deviation: E6°&lt;br&gt;City: CEDAR CREEK, TX&lt;br&gt;Frequency: 114.8 MHz</description>
                <styleUrl>#805</styleUrl>
                <Point id="948">
                    <coordinates>-96.21810277777777,32.18572222222222,0.0</coordinates>
                </Point>
            </Placemark>
            <Placemark id="951">
                <name>CRE</name>
                <description>Altitude Code: VL&lt;br&gt;Magnetic Deviation: W3°&lt;br&gt;City: NORTH MYRTLE BEACH, SC&lt;br&gt;Frequency: 114.4 MHz</description>
                <styleUrl>#805</styleUrl>
                <Point id="950">
                    <coordinates>-78.72452211111111,33.81384094444444,0.0</coordinates>
                </Point>
            </Placemark>
            <Placemark id="953">
                <name>CTB</name>
                <description>Altitude Code: VL&lt;br&gt;Magnetic Deviation: E17°&lt;br&gt;City: CUT BANK, MT&lt;br&gt;Frequency: 113.35 MHz</description>
                <styleUrl>#805</styleUrl>
                <Point id="952">
                    <coordinates>-112.34325438888888,48.56494852777777,0.0</coordinates>
                </Point>
            </Placemark>
            <Placemark id="955">
                <name>CTF</name>
                <description>Altitude Code: VL&lt;br&gt;Magnetic Deviation: W3°&lt;br&gt;City: CHESTERFIELD, SC&lt;br&gt;Frequency: 114.55 MHz</description>
                <styleUrl>#805</styleUrl>
                <Point id="954">
                    <coordinates>-80.27491636111111,34.65049805555555,0.0</coordinates>
                </Point>
            </Placemark>
            <Placemark id="957">
                <name>CTR</name>
                <description>Altitude Code: L&lt;br&gt;Magnetic Deviation: W13°&lt;br&gt;City: CHESTER, MA&lt;br&gt;Frequency: 115.1 MHz</description>
                <styleUrl>#805</styleUrl>
                <Point id="956">
                    <coordinates>-72.94939416666666,42.29131861111111,0.0</coordinates>
                </Point>
            </Placemark>
            <Placemark id="959">
                <name>CUS</name>
                <description>Altitude Code: VL&lt;br&gt;Magnetic Deviation: E12°&lt;br&gt;City: COLUMBUS, NM&lt;br&gt;Frequency: 111.2 MHz</description>
                <styleUrl>#805</styleUrl>
                <Point id="958">
                    <coordinates>-107.57449383333334,31.8191005,0.0</coordinates>
                </Point>
            </Placemark>
            <Placemark id="961">
                <name>CUZ</name>
                <description>Altitude Code: L&lt;br&gt;Magnetic Deviation: E8°&lt;br&gt;City: BROKEN BOW, NE&lt;br&gt;Frequency: 108.2 MHz</description>
                <styleUrl>#805</styleUrl>
                <Point id="960">
                    <coordinates>-99.68904775,41.4839755,0.0</coordinates>
                </Point>
            </Placemark>
            <Placemark id="963">
                <name>CVA</name>
                <description>Altitude Code: L&lt;br&gt;Magnetic Deviation: E4°&lt;br&gt;City: DAVENPORT, IA&lt;br&gt;Frequency: 113.8 MHz</description>
                <styleUrl>#805</styleUrl>
                <Point id="962">
                    <coordinates>-90.48331366666667,41.708548416666666,0.0</coordinates>
                </Point>
            </Placemark>
            <Placemark id="965">
                <name>CVV</name>
                <description>Altitude Code: VL&lt;br&gt;Magnetic Deviation: E19°&lt;br&gt;City: COUPEVILLE, WA&lt;br&gt;Frequency: 117.2 MHz</description>
                <styleUrl>#805</styleUrl>
                <Point id="964">
                    <coordinates>-122.72441666666667,48.24469444444445,0.0</coordinates>
                </Point>
            </Placemark>
            <Placemark id="967">
                <name>DAG</name>
                <description>Altitude Code: L&lt;br&gt;Magnetic Deviation: E15°&lt;br&gt;City: DAGGETT, CA&lt;br&gt;Frequency: 113.2 MHz</description>
                <styleUrl>#805</styleUrl>
                <Point id="966">
                    <coordinates>-116.57816638888889,34.96245694444445,0.0</coordinates>
                </Point>
            </Placemark>
            <Placemark id="969">
                <name>DBN</name>
                <description>Altitude Code: VL&lt;br&gt;Magnetic Deviation: W5°&lt;br&gt;City: DUBLIN, GA&lt;br&gt;Frequency: 113.1 MHz</description>
                <styleUrl>#805</styleUrl>
                <Point id="968">
                    <coordinates>-82.83004477777777,32.563460138888885,0.0</coordinates>
                </Point>
            </Placemark>
            <Placemark id="971">
                <name>DCA</name>
                <description>Altitude Code: L&lt;br&gt;Magnetic Deviation: W9°&lt;br&gt;City: WASHINGTON, DC&lt;br&gt;Frequency: 111.0 MHz</description>
                <styleUrl>#805</styleUrl>
                <Point id="970">
                    <coordinates>-77.03643611111112,38.85945277777778,0.0</coordinates>
                </Point>
            </Placemark>
            <Placemark id="973">
                <name>DDC</name>
                <description>Altitude Code: L&lt;br&gt;Magnetic Deviation: E8°&lt;br&gt;City: DODGE CITY, KS&lt;br&gt;Frequency: 108.2 MHz</description>
                <styleUrl>#805</styleUrl>
                <Point id="972">
                    <coordinates>-100.00563733333334,37.85056075,0.0</coordinates>
                </Point>
            </Placemark>
            <Placemark id="975">
                <name>DGD</name>
                <description>Altitude Code: VL&lt;br&gt;Magnetic Deviation: E1°&lt;br&gt;City: DOGWOOD, MO&lt;br&gt;Frequency: 109.4 MHz</description>
                <styleUrl>#805</styleUrl>
                <Point id="974">
                    <coordinates>-92.87692277777776,37.023469166666665,0.0</coordinates>
                </Point>
            </Placemark>
            <Placemark id="977">
                <name>DHT</name>
                <description>Altitude Code: L&lt;br&gt;Magnetic Deviation: E12°&lt;br&gt;City: DALHART, TX&lt;br&gt;Frequency: 112.0 MHz</description>
                <styleUrl>#805</styleUrl>
                <Point id="976">
                    <coordinates>-102.54464163888889,36.09145652777778,0.0</coordinates>
                </Point>
            </Placemark>
            <Placemark id="979">
                <name>DMN</name>
                <description>Altitude Code: VL&lt;br&gt;Magnetic Deviation: E12°&lt;br&gt;City: DEMING, NM&lt;br&gt;Frequency: 108.6 MHz</description>
                <styleUrl>#805</styleUrl>
                <Point id="978">
                    <coordinates>-107.60550127777778,32.275551416666666,0.0</coordinates>
                </Point>
            </Placemark>
            <Placemark id="981">
                <name>DNY</name>
                <description>Altitude Code: L&lt;br&gt;Magnetic Deviation: W11°&lt;br&gt;City: DELANCEY, NY&lt;br&gt;Frequency: 112.1 MHz</description>
                <styleUrl>#805</styleUrl>
                <Point id="980">
                    <coordinates>-74.95694055555556,42.17828055555555,0.0</coordinates>
                </Point>
            </Placemark>
            <Placemark id="983">
                <name>DPA</name>
                <description>Altitude Code: VL&lt;br&gt;Magnetic Deviation: E2°&lt;br&gt;City: CHICAGO/WEST CHICAGO, IL&lt;br&gt;Frequency: 114.55 MHz</description>
                <styleUrl>#805</styleUrl>
                <Point id="982">
                    <coordinates>-88.35017747222221,41.89037147222222,0.0</coordinates>
                </Point>
            </Placemark>
            <Placemark id="985">
                <name>DPK</name>
                <description>Altitude Code: L&lt;br&gt;Magnetic Deviation: W12°&lt;br&gt;City: DEER PARK, NY&lt;br&gt;Frequency: 117.7 MHz</description>
                <styleUrl>#805</styleUrl>
                <Point id="984">
                    <coordinates>-73.30367738888889,40.79176669444444,0.0</coordinates>
                </Point>
            </Placemark>
            <Placemark id="987">
                <name>DQN</name>
                <description>Altitude Code: VL&lt;br&gt;Magnetic Deviation: W1°&lt;br&gt;City: DAYTON, OH&lt;br&gt;Frequency: 114.5 MHz</description>
                <styleUrl>#805</styleUrl>
                <Point id="986">
                    <coordinates>-84.39689811111111,40.01644430555555,0.0</coordinates>
                </Point>
            </Placemark>
            <Placemark id="989">
                <name>DQO</name>
                <description>Altitude Code: L&lt;br&gt;Magnetic Deviation: W10°&lt;br&gt;City: WILMINGTON, DE&lt;br&gt;Frequency: 114.0 MHz</description>
                <styleUrl>#805</styleUrl>
                <Point id="988">
                    <coordinates>-75.60708558333333,39.678140138888885,0.0</coordinates>
                </Point>
            </Placemark>
            <Placemark id="991">
                <name>DRO</name>
                <description>Altitude Code: VL&lt;br&gt;Magnetic Deviation: E14°&lt;br&gt;City: DURANGO, CO&lt;br&gt;Frequency: 116.55 MHz</description>
                <styleUrl>#805</styleUrl>
                <Point id="990">
                    <coordinates>-107.74962591666667,37.15325975,0.0</coordinates>
                </Point>
            </Placemark>
            <Placemark id="993">
                <name>DUG</name>
                <description>Altitude Code: VL&lt;br&gt;Magnetic Deviation: E13°&lt;br&gt;City: DOUGLAS BISBEE, AZ&lt;br&gt;Frequency: 108.8 MHz</description>
                <styleUrl>#805</styleUrl>
                <Point id="992">
                    <coordinates>-109.60205363888889,31.47267361111111,0.0</coordinates>
                </Point>
            </Placemark>
            <Placemark id="995">
                <name>EAR</name>
                <description>Altitude Code: L&lt;br&gt;Magnetic Deviation: E5°&lt;br&gt;City: KEARNEY, NE&lt;br&gt;Frequency: 111.2 MHz</description>
                <styleUrl>#805</styleUrl>
                <Point id="994">
                    <coordinates>-99.00512536111111,40.72560386111111,0.0</coordinates>
                </Point>
            </Placemark>
            <Placemark id="997">
                <name>EAT</name>
                <description>Altitude Code: VL&lt;br&gt;Magnetic Deviation: E15°&lt;br&gt;City: WENATCHEE, WA&lt;br&gt;Frequency: 114.35 MHz</description>
                <styleUrl>#805</styleUrl>
                <Point id="996">
                    <coordinates>-120.21082744444445,47.39969238888889,0.0</coordinates>
                </Point>
            </Placemark>
            <Placemark id="999">
                <name>EAU</name>
                <description>Altitude Code: VL&lt;br&gt;Magnetic Deviation: E4°&lt;br&gt;City: EAU CLAIRE, WI&lt;br&gt;Frequency: 113.65 MHz</description>
                <styleUrl>#805</styleUrl>
                <Point id="998">
                    <coordinates>-91.47853497222222,44.89767002777778,0.0</coordinates>
                </Point>
            </Placemark>
            <Placemark id="1001">
                <name>ECG</name>
                <description>Altitude Code: VL&lt;br&gt;Magnetic Deviation: W7°&lt;br&gt;City: ELIZABETH CITY, NC&lt;br&gt;Frequency: 115.75 MHz</description>
                <styleUrl>#805</styleUrl>
                <Point id="1000">
                    <coordinates>-76.17559775000001,36.257573083333334,0.0</coordinates>
                </Point>
            </Placemark>
            <Placemark id="1003">
                <name>ECS</name>
                <description>Altitude Code: VL&lt;br&gt;Magnetic Deviation: E11°&lt;br&gt;City: NEWCASTLE, WY&lt;br&gt;Frequency: 108.2 MHz</description>
                <styleUrl>#805</styleUrl>
                <Point id="1002">
                    <coordinates>-104.30777097222222,43.88112802777778,0.0</coordinates>
                </Point>
            </Placemark>
            <Placemark id="1005">
                <name>EKN</name>
                <description>Altitude Code: L&lt;br&gt;Magnetic Deviation: W7°&lt;br&gt;City: ELKINS, WV&lt;br&gt;Frequency: 114.2 MHz</description>
                <styleUrl>#805</styleUrl>
                <Point id="1004">
                    <coordinates>-80.0992725,38.91443583333333,0.0</coordinates>
                </Point>
            </Placemark>
            <Placemark id="1007">
                <name>ELB</name>
                <description>Altitude Code: L&lt;br&gt;Magnetic Deviation: E14°&lt;br&gt;City: SANTA ANA, CA&lt;br&gt;Frequency: 117.2 MHz</description>
                <styleUrl>#805</styleUrl>
                <Point id="1006">
                    <coordinates>-117.73109125,33.676035666666664,0.0</coordinates>
                </Point>
            </Placemark>
            <Placemark id="1009">
                <name>ELW</name>
                <description>Altitude Code: VL&lt;br&gt;Magnetic Deviation: E0°&lt;br&gt;City: ANDERSON, SC&lt;br&gt;Frequency: 108.6 MHz</description>
                <styleUrl>#805</styleUrl>
                <Point id="1008">
                    <coordinates>-82.78468372222223,34.41918616666666,0.0</coordinates>
                </Point>
            </Placemark>
            <Placemark id="1011">
                <name>EMG</name>
                <description>Altitude Code: VL&lt;br&gt;Magnetic Deviation: E7°&lt;br&gt;City: SHREVEPORT, LA&lt;br&gt;Frequency: 116.65 MHz</description>
                <styleUrl>#805</styleUrl>
                <Point id="1010">
                    <coordinates>-93.59514722222222,32.40040555555555,0.0</coordinates>
                </Point>
            </Placemark>
            <Placemark id="1013">
                <name>EMP</name>
                <description>Altitude Code: VL&lt;br&gt;Magnetic Deviation: E8°&lt;br&gt;City: EMPORIA, KS&lt;br&gt;Frequency: 112.8 MHz</description>
                <styleUrl>#805</styleUrl>
                <Point id="1012">
                    <coordinates>-96.13811119444445,38.29114488888889,0.0</coordinates>
                </Point>
            </Placemark>
            <Placemark id="1015">
                <name>ENO</name>
                <description>Altitude Code: L&lt;br&gt;Magnetic Deviation: W9°&lt;br&gt;City: KENTON, DE&lt;br&gt;Frequency: 111.4 MHz</description>
                <styleUrl>#805</styleUrl>
                <Point id="1014">
                    <coordinates>-75.51596994444445,39.23164669444444,0.0</coordinates>
                </Point>
            </Placemark>
            <Placemark id="1017">
                <name>EON</name>
                <description>Altitude Code: L&lt;br&gt;Magnetic Deviation: E2°&lt;br&gt;City: PEOTONE, IL&lt;br&gt;Frequency: 113.2 MHz</description>
                <styleUrl>#805</styleUrl>
                <Point id="1016">
                    <coordinates>-87.79105347222222,41.26963236111111,0.0</coordinates>
                </Point>
            </Placemark>
            <Placemark id="1019">
                <name>ESC</name>
                <description>Altitude Code: VL&lt;br&gt;Magnetic Deviation: E0°&lt;br&gt;City: ESCANABA, MI&lt;br&gt;Frequency: 113.55 MHz</description>
                <styleUrl>#805</styleUrl>
                <Point id="1018">
                    <coordinates>-87.08959827777777,45.722635277777776,0.0</coordinates>
                </Point>
            </Placemark>
            <Placemark id="1021">
                <name>ESL</name>
                <description>Altitude Code: VL&lt;br&gt;Magnetic Deviation: W6°&lt;br&gt;City: KESSEL, WV&lt;br&gt;Frequency: 110.8 MHz</description>
                <styleUrl>#805</styleUrl>
                <Point id="1020">
                    <coordinates>-78.9895,39.22549277777778,0.0</coordinates>
                </Point>
            </Placemark>
            <Placemark id="1023">
                <name>ETL</name>
                <description>Altitude Code: VL&lt;br&gt;Magnetic Deviation: E12°&lt;br&gt;City: TELLURIDE, CO&lt;br&gt;Frequency: 116.95 MHz</description>
                <styleUrl>#805</styleUrl>
                <Point id="1022">
                    <coordinates>-108.25857444444445,38.04025222222222,0.0</coordinates>
                </Point>
            </Placemark>
            <Placemark id="1025">
                <name>ETX</name>
                <description>Altitude Code: L&lt;br&gt;Magnetic Deviation: W9°&lt;br&gt;City: EAST TEXAS, PA&lt;br&gt;Frequency: 110.2 MHz</description>
                <styleUrl>#805</styleUrl>
                <Point id="1024">
                    <coordinates>-75.68403013888889,40.581039027777784,0.0</coordinates>
                </Point>
            </Placemark>
            <Placemark id="1027">
                <name>EUF</name>
                <description>Altitude Code: L&lt;br&gt;Magnetic Deviation: E2°&lt;br&gt;City: EUFAULA, AL&lt;br&gt;Frequency: 109.2 MHz</description>
                <styleUrl>#805</styleUrl>
                <Point id="1026">
                    <coordinates>-85.13047949999999,31.95025077777778,0.0</coordinates>
                </Point>
            </Placemark>
            <Placemark id="1029">
                <name>EVW</name>
                <description>Altitude Code: VL&lt;br&gt;Magnetic Deviation: E13°&lt;br&gt;City: EVANSTON, WY&lt;br&gt;Frequency: 109.6 MHz</description>
                <styleUrl>#805</styleUrl>
                <Point id="1028">
                    <coordinates>-111.0467665,41.272487749999996,0.0</coordinates>
                </Point>
            </Placemark>
            <Placemark id="1031">
                <name>EWM</name>
                <description>Altitude Code: VL&lt;br&gt;Magnetic Deviation: E12°&lt;br&gt;City: NEWMAN, TX&lt;br&gt;Frequency: 112.4 MHz</description>
                <styleUrl>#805</styleUrl>
                <Point id="1030">
                    <coordinates>-106.27245833333333,31.95178611111111,0.0</coordinates>
                </Point>
            </Placemark>
            <Placemark id="1033">
                <name>EWN</name>
                <description>Altitude Code: VL&lt;br&gt;Magnetic Deviation: W8°&lt;br&gt;City: NEW BERN, NC&lt;br&gt;Frequency: 113.6 MHz</description>
                <styleUrl>#805</styleUrl>
                <Point id="1032">
                    <coordinates>-77.04506580555555,35.07314138888889,0.0</coordinates>
                </Point>
            </Placemark>
            <Placemark id="1035">
                <name>EWO</name>
                <description>Altitude Code: L&lt;br&gt;Magnetic Deviation: E1°&lt;br&gt;City: NEW HOPE, KY&lt;br&gt;Frequency: 113.95 MHz</description>
                <styleUrl>#805</styleUrl>
                <Point id="1034">
                    <coordinates>-85.6758775,37.63181138888889,0.0</coordinates>
                </Point>
            </Placemark>
            <Placemark id="1037">
                <name>FAY</name>
                <description>Altitude Code: L&lt;br&gt;Magnetic Deviation: W4°&lt;br&gt;City: FAYETTEVILLE, NC&lt;br&gt;Frequency: 114.85 MHz</description>
                <styleUrl>#805</styleUrl>
                <Point id="1036">
                    <coordinates>-78.8750638611111,34.98555122222222,0.0</coordinates>
                </Point>
            </Placemark>
            <Placemark id="1039">
                <name>FBC</name>
                <description>Altitude Code: L&lt;br&gt;Magnetic Deviation: W2°&lt;br&gt;City: FINDLAY, OH&lt;br&gt;Frequency: 108.2 MHz</description>
                <styleUrl>#805</styleUrl>
                <Point id="1038">
                    <coordinates>-83.75602461111112,40.955333833333334,0.0</coordinates>
                </Point>
            </Placemark>
            <Placemark id="1041">
                <name>FBR</name>
                <description>Altitude Code: VL&lt;br&gt;Magnetic Deviation: E14°&lt;br&gt;City: FORT BRIDGER, WY&lt;br&gt;Frequency: 114.45 MHz</description>
                <styleUrl>#805</styleUrl>
                <Point id="1040">
                    <coordinates>-110.42406122222222,41.378439972222225,0.0</coordinates>
                </Point>
            </Placemark>
            <Placemark id="1043">
                <name>FCM</name>
                <description>Altitude Code: L&lt;br&gt;Magnetic Deviation: E1°&lt;br&gt;City: MINNEAPOLIS, MN&lt;br&gt;Frequency: 117.7 MHz</description>
                <styleUrl>#805</styleUrl>
                <Point id="1042">
                    <coordinates>-93.44268869444444,44.82535008333333,0.0</coordinates>
                </Point>
            </Placemark>
            <Placemark id="1045">
                <name>FDK</name>
                <description>Altitude Code: L&lt;br&gt;Magnetic Deviation: W8°&lt;br&gt;City: FREDERICK, MD&lt;br&gt;Frequency: 116.85 MHz</description>
                <styleUrl>#805</styleUrl>
                <Point id="1044">
                    <coordinates>-77.37511608333332,39.41223608333333,0.0</coordinates>
                </Point>
            </Placemark>
            <Placemark id="1047">
                <name>FIM</name>
                <description>Altitude Code: VL&lt;br&gt;Magnetic Deviation: E15°&lt;br&gt;City: FILLMORE, CA&lt;br&gt;Frequency: 112.5 MHz</description>
                <styleUrl>#805</styleUrl>
                <Point id="1046">
                    <coordinates>-118.88129111111111,34.35669361111111,0.0</coordinates>
                </Point>
            </Placemark>
            <Placemark id="1049">
                <name>FJC</name>
                <description>Altitude Code: L&lt;br&gt;Magnetic Deviation: W10°&lt;br&gt;City: ALLENTOWN, PA&lt;br&gt;Frequency: 117.5 MHz</description>
                <styleUrl>#805</styleUrl>
                <Point id="1048">
                    <coordinates>-75.45474519444444,40.72668727777778,0.0</coordinates>
                </Point>
            </Placemark>
            <Placemark id="1051">
                <name>FJS</name>
                <description>Altitude Code: VL&lt;br&gt;Magnetic Deviation: E19°&lt;br&gt;City: FORT JONES, CA&lt;br&gt;Frequency: 116.25 MHz</description>
                <styleUrl>#805</styleUrl>
                <Point id="1050">
                    <coordinates>-122.80644749999999,41.449669166666666,0.0</coordinates>
                </Point>
            </Placemark>
            <Placemark id="1053">
                <name>FKL</name>
                <description>Altitude Code: L&lt;br&gt;Magnetic Deviation: W6°&lt;br&gt;City: FRANKLIN, PA&lt;br&gt;Frequency: 109.6 MHz</description>
                <styleUrl>#805</styleUrl>
                <Point id="1052">
                    <coordinates>-79.85670594444444,41.43849833333333,0.0</coordinates>
                </Point>
            </Placemark>
            <Placemark id="1055">
                <name>FLW</name>
                <description>Altitude Code: VL&lt;br&gt;Magnetic Deviation: E16°&lt;br&gt;City: FELLOWS, CA&lt;br&gt;Frequency: 117.5 MHz</description>
                <styleUrl>#805</styleUrl>
                <Point id="1054">
                    <coordinates>-119.8655786111111,35.09308444444445,0.0</coordinates>
                </Point>
            </Placemark>
            <Placemark id="1057">
                <name>FOT</name>
                <description>Altitude Code: L&lt;br&gt;Magnetic Deviation: E19°&lt;br&gt;City: FORTUNA, CA&lt;br&gt;Frequency: 114.0 MHz</description>
                <styleUrl>#805</styleUrl>
                <Point id="1056">
                    <coordinates>-124.23453625,40.67127158333333,0.0</coordinates>
                </Point>
            </Placemark>
            <Placemark id="1059">
                <name>FQM</name>
                <description>Altitude Code: L&lt;br&gt;Magnetic Deviation: W9°&lt;br&gt;City: WILLIAMSPORT, PA&lt;br&gt;Frequency: 114.4 MHz</description>
                <styleUrl>#805</styleUrl>
                <Point id="1058">
                    <coordinates>-76.77486658333333,41.338558500000005,0.0</coordinates>
                </Point>
            </Placemark>
            <Placemark id="1061">
                <name>FRA</name>
                <description>Altitude Code: L&lt;br&gt;Magnetic Deviation: E17°&lt;br&gt;City: FRIANT, CA&lt;br&gt;Frequency: 115.6 MHz</description>
                <styleUrl>#805</styleUrl>
                <Point id="1060">
                    <coordinates>-119.59544555555556,37.104420833333336,0.0</coordinates>
                </Point>
            </Placemark>
            <Placemark id="1063">
                <name>FSM</name>
                <description>Altitude Code: L&lt;br&gt;Magnetic Deviation: E7°&lt;br&gt;City: FORT SMITH, AR&lt;br&gt;Frequency: 110.4 MHz</description>
                <styleUrl>#805</styleUrl>
                <Point id="1062">
                    <coordinates>-94.27152422222223,35.388407638888886,0.0</coordinates>
                </Point>
            </Placemark>
            <Placemark id="1065">
                <name>FTZ</name>
                <description>Altitude Code: L&lt;br&gt;Magnetic Deviation: E5°&lt;br&gt;City: FORISTELL, MO&lt;br&gt;Frequency: 114.35 MHz</description>
                <styleUrl>#805</styleUrl>
                <Point id="1064">
                    <coordinates>-90.97126933333334,38.69433369444444,0.0</coordinates>
                </Point>
            </Placemark>
            <Placemark id="1067">
                <name>FZT</name>
                <description>Altitude Code: L&lt;br&gt;Magnetic Deviation: E6°&lt;br&gt;City: FRANKSTON, TX&lt;br&gt;Frequency: 111.4 MHz</description>
                <styleUrl>#805</styleUrl>
                <Point id="1066">
                    <coordinates>-95.53079055555555,32.07460416666667,0.0</coordinates>
                </Point>
            </Placemark>
            <Placemark id="1069">
                <name>GAD</name>
                <description>Altitude Code: VL&lt;br&gt;Magnetic Deviation: E2°&lt;br&gt;City: GADSDEN, AL&lt;br&gt;Frequency: 112.3 MHz</description>
                <styleUrl>#805</styleUrl>
                <Point id="1068">
                    <coordinates>-86.08355694444444,33.97640305555556,0.0</coordinates>
                </Point>
            </Placemark>
            <Placemark id="1071">
                <name>GCN</name>
                <description>Altitude Code: VL&lt;br&gt;Magnetic Deviation: E15°&lt;br&gt;City: GRAND CANYON, AZ&lt;br&gt;Frequency: 111.65 MHz</description>
                <styleUrl>#805</styleUrl>
                <Point id="1070">
                    <coordinates>-112.14604627777778,35.96034027777778,0.0</coordinates>
                </Point>
            </Placemark>
            <Placemark id="1073">
                <name>GDM</name>
                <description>Altitude Code: VL&lt;br&gt;Magnetic Deviation: W14°&lt;br&gt;City: GARDNER, MA&lt;br&gt;Frequency: 116.95 MHz</description>
                <styleUrl>#805</styleUrl>
                <Point id="1072">
                    <coordinates>-72.05818822222221,42.545920833333334,0.0</coordinates>
                </Point>
            </Placemark>
            <Placemark id="1075">
                <name>GEE</name>
                <description>Altitude Code: L&lt;br&gt;Magnetic Deviation: W9°&lt;br&gt;City: GENESEO, NY&lt;br&gt;Frequency: 108.2 MHz</description>
                <styleUrl>#805</styleUrl>
                <Point id="1074">
                    <coordinates>-77.73275083333334,42.83439638888889,0.0</coordinates>
                </Point>
            </Placemark>
            <Placemark id="1077">
                <name>GEF</name>
                <description>Altitude Code: VL&lt;br&gt;Magnetic Deviation: E1°&lt;br&gt;City: GREENVILLE, FL&lt;br&gt;Frequency: 113.65 MHz</description>
                <styleUrl>#805</styleUrl>
                <Point id="1076">
                    <coordinates>-83.78313277777778,30.551341666666666,0.0</coordinates>
                </Point>
            </Placemark>
            <Placemark id="1079">
                <name>GFS</name>
                <description>Altitude Code: VL&lt;br&gt;Magnetic Deviation: E15°&lt;br&gt;City: GOFFS, CA&lt;br&gt;Frequency: 114.4 MHz</description>
                <styleUrl>#805</styleUrl>
                <Point id="1078">
                    <coordinates>-115.17644027777779,35.131145277777776,0.0</coordinates>
                </Point>
            </Placemark>
            <Placemark id="1081">
                <name>GGG</name>
                <description>Altitude Code: VL&lt;br&gt;Magnetic Deviation: E7°&lt;br&gt;City: LONGVIEW, TX&lt;br&gt;Frequency: 112.9 MHz</description>
                <styleUrl>#805</styleUrl>
                <Point id="1080">
                    <coordinates>-94.7531945,32.41775586111111,0.0</coordinates>
                </Point>
            </Placemark>
            <Placemark id="1083">
                <name>GLH</name>
                <description>Altitude Code: VL&lt;br&gt;Magnetic Deviation: E4°&lt;br&gt;City: GREENVILLE, MS&lt;br&gt;Frequency: 114.25 MHz</description>
                <styleUrl>#805</styleUrl>
                <Point id="1082">
                    <coordinates>-90.9829375,33.52353083333333,0.0</coordinates>
                </Point>
            </Placemark>
            <Placemark id="1085">
                <name>GLJ</name>
                <description>Altitude Code: VL&lt;br&gt;Magnetic Deviation: E16°&lt;br&gt;City: SANTA MARIA, CA&lt;br&gt;Frequency: 113.05 MHz</description>
                <styleUrl>#805</styleUrl>
                <Point id="1084">
                    <coordinates>-120.52148088888889,34.95237352777778,0.0</coordinates>
                </Point>
            </Placemark>
            <Placemark id="1087">
                <name>GMN</name>
                <description>Altitude Code: VL&lt;br&gt;Magnetic Deviation: E16°&lt;br&gt;City: GORMAN, CA&lt;br&gt;Frequency: 116.1 MHz</description>
                <styleUrl>#805</styleUrl>
                <Point id="1086">
                    <coordinates>-118.86136027777778,34.80402861111111,0.0</coordinates>
                </Point>
            </Placemark>
            <Placemark id="1089">
                <name>GNV</name>
                <description>Altitude Code: VL&lt;br&gt;Magnetic Deviation: W4°&lt;br&gt;City: GAINESVILLE, FL&lt;br&gt;Frequency: 116.55 MHz</description>
                <styleUrl>#805</styleUrl>
                <Point id="1088">
                    <coordinates>-82.27297244444445,29.692114694444445,0.0</coordinates>
                </Point>
            </Placemark>
            <Placemark id="1091">
                <name>GPT</name>
                <description>Altitude Code: L&lt;br&gt;Magnetic Deviation: E2°&lt;br&gt;City: GULFPORT, MS&lt;br&gt;Frequency: 109.0 MHz</description>
                <styleUrl>#805</styleUrl>
                <Point id="1090">
                    <coordinates>-89.07678122222222,30.406831333333333,0.0</coordinates>
                </Point>
            </Placemark>
            <Placemark id="1093">
                <name>GPZ</name>
                <description>Altitude Code: L&lt;br&gt;Magnetic Deviation: E6°&lt;br&gt;City: GRAND RAPIDS, MN&lt;br&gt;Frequency: 114.65 MHz</description>
                <styleUrl>#805</styleUrl>
                <Point id="1092">
                    <coordinates>-93.4889325,47.163443638888886,0.0</coordinates>
                </Point>
            </Placemark>
            <Placemark id="1095">
                <name>GQE</name>
                <description>Altitude Code: L&lt;br&gt;Magnetic Deviation: E4°&lt;br&gt;City: GILMORE, AR&lt;br&gt;Frequency: 113.0 MHz</description>
                <styleUrl>#805</styleUrl>
                <Point id="1094">
                    <coordinates>-90.47815888888888,35.347029722222224,0.0</coordinates>
                </Point>
            </Placemark>
            <Placemark id="1097">
                <name>GRI</name>
                <description>Altitude Code: VL&lt;br&gt;Magnetic Deviation: E7°&lt;br&gt;City: GRAND ISLAND, NE&lt;br&gt;Frequency: 116.55 MHz</description>
                <styleUrl>#805</styleUrl>
                <Point id="1096">
                    <coordinates>-98.31477777777778,40.984027777777776,0.0</coordinates>
                </Point>
            </Placemark>
            <Placemark id="1099">
                <name>GVO</name>
                <description>Altitude Code: VL&lt;br&gt;Magnetic Deviation: E16°&lt;br&gt;City: GAVIOTA, CA&lt;br&gt;Frequency: 113.8 MHz</description>
                <styleUrl>#805</styleUrl>
                <Point id="1098">
                    <coordinates>-120.09108827777777,34.53132016666667,0.0</coordinates>
                </Point>
            </Placemark>
            <Placemark id="1101">
                <name>GXU</name>
                <description>Altitude Code: L&lt;br&gt;Magnetic Deviation: W12°&lt;br&gt;City: WRIGHTSTOWN, NJ&lt;br&gt;Frequency: 110.6 MHz</description>
                <styleUrl>#805</styleUrl>
                <Point id="1100">
                    <coordinates>-74.59651111111111,40.009475,0.0</coordinates>
                </Point>
            </Placemark>
            <Placemark id="1103">
                <name>GZG</name>
                <description>Altitude Code: L&lt;br&gt;Magnetic Deviation: W2°&lt;br&gt;City: BLACKFORD, VA&lt;br&gt;Frequency: 115.55 MHz</description>
                <styleUrl>#805</styleUrl>
                <Point id="1102">
                    <coordinates>-82.07897425,36.82510116666667,0.0</coordinates>
                </Point>
            </Placemark>
            <Placemark id="1105">
                <name>HAR</name>
                <description>Altitude Code: L&lt;br&gt;Magnetic Deviation: W10°&lt;br&gt;City: HARRISBURG, PA&lt;br&gt;Frequency: 115.35 MHz</description>
                <styleUrl>#805</styleUrl>
                <Point id="1104">
                    <coordinates>-77.06955888888889,40.30223972222222,0.0</coordinates>
                </Point>
            </Placemark>
            <Placemark id="1107">
                <name>HBR</name>
                <description>Altitude Code: VL&lt;br&gt;Magnetic Deviation: E10°&lt;br&gt;City: HOBART, OK&lt;br&gt;Frequency: 115.85 MHz</description>
                <styleUrl>#805</styleUrl>
                <Point id="1106">
                    <coordinates>-99.06338497222222,34.86655447222223,0.0</coordinates>
                </Point>
            </Placemark>
            <Placemark id="1109">
                <name>HCH</name>
                <description>Altitude Code: VL&lt;br&gt;Magnetic Deviation: W2°&lt;br&gt;City: CROSSVILLE, TN&lt;br&gt;Frequency: 117.6 MHz</description>
                <styleUrl>#805</styleUrl>
                <Point id="1108">
                    <coordinates>-84.97845222222223,35.781013055555555,0.0</coordinates>
                </Point>
            </Placemark>
            <Placemark id="1111">
                <name>HCM</name>
                <description>Altitude Code: L&lt;br&gt;Magnetic Deviation: W7°&lt;br&gt;City: HARCUM, VA&lt;br&gt;Frequency: 108.8 MHz</description>
                <styleUrl>#805</styleUrl>
                <Point id="1110">
                    <coordinates>-76.71135391666667,37.44865988888888,0.0</coordinates>
                </Point>
            </Placemark>
            <Placemark id="1113">
                <name>HDF</name>
                <description>Altitude Code: VL&lt;br&gt;Magnetic Deviation: E14°&lt;br&gt;City: RIVERSIDE, CA&lt;br&gt;Frequency: 112.05 MHz</description>
                <styleUrl>#805</styleUrl>
                <Point id="1112">
                    <coordinates>-117.18532438888889,33.77632975,0.0</coordinates>
                </Point>
            </Placemark>
            <Placemark id="1115">
                <name>HFD</name>
                <description>Altitude Code: L&lt;br&gt;Magnetic Deviation: W13°&lt;br&gt;City: HARTFORD, CT&lt;br&gt;Frequency: 114.9 MHz</description>
                <styleUrl>#805</styleUrl>
                <Point id="1114">
                    <coordinates>-72.547418,41.641104694444444,0.0</coordinates>
                </Point>
            </Placemark>
            <Placemark id="1117">
                <name>HGR</name>
                <description>Altitude Code: L&lt;br&gt;Magnetic Deviation: W7°&lt;br&gt;City: HAGERSTOWN, MD&lt;br&gt;Frequency: 109.8 MHz</description>
                <styleUrl>#805</styleUrl>
                <Point id="1116">
                    <coordinates>-77.8557181111111,39.69772661111111,0.0</coordinates>
                </Point>
            </Placemark>
            <Placemark id="1119">
                <name>HIB</name>
                <description>Altitude Code: L&lt;br&gt;Magnetic Deviation: E2°&lt;br&gt;City: HIBBING, MN&lt;br&gt;Frequency: 116.55 MHz</description>
                <styleUrl>#805</styleUrl>
                <Point id="1118">
                    <coordinates>-92.70404316666666,47.30153130555555,0.0</coordinates>
                </Point>
            </Placemark>
            <Placemark id="1121">
                <name>HLG</name>
                <description>Altitude Code: L&lt;br&gt;Magnetic Deviation: W7°&lt;br&gt;City: WHEELING, WV&lt;br&gt;Frequency: 114.25 MHz</description>
                <styleUrl>#805</styleUrl>
                <Point id="1120">
                    <coordinates>-80.56862483333333,40.25990180555556,0.0</coordinates>
                </Point>
            </Placemark>
            <Placemark id="1123">
                <name>HLI</name>
                <description>Altitude Code: L&lt;br&gt;Magnetic Deviation: E3°&lt;br&gt;City: HOLLY SPRINGS, MS&lt;br&gt;Frequency: 112.4 MHz</description>
                <styleUrl>#805</styleUrl>
                <Point id="1122">
                    <coordinates>-89.49651891666667,34.77024541666667,0.0</coordinates>
                </Point>
            </Placemark>
            <Placemark id="1125">
                <name>HLV</name>
                <description>Altitude Code: VL&lt;br&gt;Magnetic Deviation: E6°&lt;br&gt;City: HALLSVILLE, MO&lt;br&gt;Frequency: 114.2 MHz</description>
                <styleUrl>#805</styleUrl>
                <Point id="1124">
                    <coordinates>-92.12823388888889,39.11354083333333,0.0</coordinates>
                </Point>
            </Placemark>
            <Placemark id="1127">
                <name>HMV</name>
                <description>Altitude Code: L&lt;br&gt;Magnetic Deviation: W4°&lt;br&gt;City: HOLSTON MOUNTAIN, TN&lt;br&gt;Frequency: 114.6 MHz</description>
                <styleUrl>#805</styleUrl>
                <Point id="1126">
                    <coordinates>-82.1296,36.43705555555555,0.0</coordinates>
                </Point>
            </Placemark>
            <Placemark id="1129">
                <name>HNW</name>
                <description>Altitude Code: L&lt;br&gt;Magnetic Deviation: E17°&lt;br&gt;City: PLACERVILLE, CA&lt;br&gt;Frequency: 115.5 MHz</description>
                <styleUrl>#805</styleUrl>
                <Point id="1128">
                    <coordinates>-120.74926341666666,38.724725472222225,0.0</coordinates>
                </Point>
            </Placemark>
            <Placemark id="1131">
                <name>HOB</name>
                <description>Altitude Code: L&lt;br&gt;Magnetic Deviation: E11°&lt;br&gt;City: HOBBS, NM&lt;br&gt;Frequency: 111.0 MHz</description>
                <styleUrl>#805</styleUrl>
                <Point id="1130">
                    <coordinates>-103.26929894444444,32.63823761111111,0.0</coordinates>
                </Point>
            </Placemark>
            <Placemark id="1133">
                <name>HOT</name>
                <description>Altitude Code: L&lt;br&gt;Magnetic Deviation: E4°&lt;br&gt;City: HOT SPRINGS, AR&lt;br&gt;Frequency: 110.0 MHz</description>
                <styleUrl>#805</styleUrl>
                <Point id="1132">
                    <coordinates>-93.09061083333333,34.47859511111111,0.0</coordinates>
                </Point>
            </Placemark>
            <Placemark id="1135">
                <name>HPW</name>
                <description>Altitude Code: VL&lt;br&gt;Magnetic Deviation: W6°&lt;br&gt;City: HOPEWELL, VA&lt;br&gt;Frequency: 114.35 MHz</description>
                <styleUrl>#805</styleUrl>
                <Point id="1134">
                    <coordinates>-77.1159436111111,37.32887,0.0</coordinates>
                </Point>
            </Placemark>
            <Placemark id="1137">
                <name>HRL</name>
                <description>Altitude Code: VL&lt;br&gt;Magnetic Deviation: E5°&lt;br&gt;City: HARLINGEN, TX&lt;br&gt;Frequency: 113.65 MHz</description>
                <styleUrl>#805</styleUrl>
                <Point id="1136">
                    <coordinates>-97.65226427777779,26.229225472222222,0.0</coordinates>
                </Point>
            </Placemark>
            <Placemark id="1139">
                <name>HRO</name>
                <description>Altitude Code: VL&lt;br&gt;Magnetic Deviation: E4°&lt;br&gt;City: HARRISON, AR&lt;br&gt;Frequency: 112.5 MHz</description>
                <styleUrl>#805</styleUrl>
                <Point id="1138">
                    <coordinates>-93.21327158333334,36.31830797222223,0.0</coordinates>
                </Point>
            </Placemark>
            <Placemark id="1141">
                <name>HUP</name>
                <description>Altitude Code: VL&lt;br&gt;Magnetic Deviation: E12°&lt;br&gt;City: HUDSPETH, TX&lt;br&gt;Frequency: 115.0 MHz</description>
                <styleUrl>#805</styleUrl>
                <Point id="1140">
                    <coordinates>-105.3763186111111,31.568701666666666,0.0</coordinates>
                </Point>
            </Placemark>
            <Placemark id="1143">
                <name>HUT</name>
                <description>Altitude Code: VL&lt;br&gt;Magnetic Deviation: E4°&lt;br&gt;City: HUTCHINSON, KS&lt;br&gt;Frequency: 116.8 MHz</description>
                <styleUrl>#805</styleUrl>
                <Point id="1142">
                    <coordinates>-97.93415138888889,37.996918972222225,0.0</coordinates>
                </Point>
            </Placemark>
            <Placemark id="1145">
                <name>HVR</name>
                <description>Altitude Code: VL&lt;br&gt;Magnetic Deviation: E16°&lt;br&gt;City: HAVRE, MT&lt;br&gt;Frequency: 114.65 MHz</description>
                <styleUrl>#805</styleUrl>
                <Point id="1144">
                    <coordinates>-109.769987,48.54046161111111,0.0</coordinates>
                </Point>
            </Placemark>
            <Placemark id="1147">
                <name>HYK</name>
                <description>Altitude Code: VL&lt;br&gt;Magnetic Deviation: E0°&lt;br&gt;City: LEXINGTON, KY&lt;br&gt;Frequency: 112.6 MHz</description>
                <styleUrl>#805</styleUrl>
                <Point id="1146">
                    <coordinates>-84.47252769444445,37.96634941666667,0.0</coordinates>
                </Point>
            </Placemark>
            <Placemark id="1149">
                <name>HYP</name>
                <description>Altitude Code: L&lt;br&gt;Magnetic Deviation: E15°&lt;br&gt;City: MERCED, CA&lt;br&gt;Frequency: 113.85 MHz</description>
                <styleUrl>#805</styleUrl>
                <Point id="1148">
                    <coordinates>-120.40021836111111,37.21943255555556,0.0</coordinates>
                </Point>
            </Placemark>
            <Placemark id="1151">
                <name>HYS</name>
                <description>Altitude Code: L&lt;br&gt;Magnetic Deviation: E10°&lt;br&gt;City: HAYS, KS&lt;br&gt;Frequency: 110.4 MHz</description>
                <styleUrl>#805</styleUrl>
                <Point id="1150">
                    <coordinates>-99.27679108333334,38.84765663888889,0.0</coordinates>
                </Point>
            </Placemark>
            <Placemark id="1153">
                <name>HZN</name>
                <description>Altitude Code: L&lt;br&gt;Magnetic Deviation: E17°&lt;br&gt;City: HAZEN, NV&lt;br&gt;Frequency: 114.1 MHz</description>
                <styleUrl>#805</styleUrl>
                <Point id="1152">
                    <coordinates>-118.99768658333333,39.51640008333333,0.0</coordinates>
                </Point>
            </Placemark>
            <Placemark id="1155">
                <name>IGB</name>
                <description>Altitude Code: L&lt;br&gt;Magnetic Deviation: E4°&lt;br&gt;City: COLUMBUS, MS&lt;br&gt;Frequency: 116.2 MHz</description>
                <styleUrl>#805</styleUrl>
                <Point id="1154">
                    <coordinates>-88.51359002777778,33.48548730555556,0.0</coordinates>
                </Point>
            </Placemark>
            <Placemark id="1157">
                <name>IGM</name>
                <description>Altitude Code: VL&lt;br&gt;Magnetic Deviation: E15°&lt;br&gt;City: KINGMAN, AZ&lt;br&gt;Frequency: 108.8 MHz</description>
                <styleUrl>#805</styleUrl>
                <Point id="1156">
                    <coordinates>-113.93408141666667,35.260513277777775,0.0</coordinates>
                </Point>
            </Placemark>
            <Placemark id="1159">
                <name>IGN</name>
                <description>Altitude Code: VL&lt;br&gt;Magnetic Deviation: W12°&lt;br&gt;City: KINGSTON, NY&lt;br&gt;Frequency: 117.6 MHz</description>
                <styleUrl>#805</styleUrl>
                <Point id="1158">
                    <coordinates>-73.82223925,41.66545161111111,0.0</coordinates>
                </Point>
            </Placemark>
            <Placemark id="1161">
                <name>IIP</name>
                <description>Altitude Code: VL&lt;br&gt;Magnetic Deviation: E12°&lt;br&gt;City: DOUGLAS, WY&lt;br&gt;Frequency: 115.75 MHz</description>
                <styleUrl>#805</styleUrl>
                <Point id="1160">
                    <coordinates>-105.22622433333333,42.676101805555554,0.0</coordinates>
                </Point>
            </Placemark>
            <Placemark id="1163">
                <name>ILA</name>
                <description>Altitude Code: L&lt;br&gt;Magnetic Deviation: E18°&lt;br&gt;City: WILLIAMS, CA&lt;br&gt;Frequency: 114.4 MHz</description>
                <styleUrl>#805</styleUrl>
                <Point id="1162">
                    <coordinates>-122.02726975,39.071173638888894,0.0</coordinates>
                </Point>
            </Placemark>
            <Placemark id="1165">
                <name>ILR</name>
                <description>Altitude Code: VL&lt;br&gt;Magnetic Deviation: E18°&lt;br&gt;City: BURNS, OR&lt;br&gt;Frequency: 114.55 MHz</description>
                <styleUrl>#805</styleUrl>
                <Point id="1164">
                    <coordinates>-118.95504925,43.59312258333333,0.0</coordinates>
                </Point>
            </Placemark>
            <Placemark id="1167">
                <name>INL</name>
                <description>Altitude Code: VL&lt;br&gt;Magnetic Deviation: E6°&lt;br&gt;City: INTERNATIONAL FALLS, MN&lt;br&gt;Frequency: 114.95 MHz</description>
                <styleUrl>#805</styleUrl>
                <Point id="1166">
                    <coordinates>-93.40567777777778,48.56579833333333,0.0</coordinates>
                </Point>
            </Placemark>
            <Placemark id="1169">
                <name>ISN</name>
                <description>Altitude Code: VL&lt;br&gt;Magnetic Deviation: E8°&lt;br&gt;City: WILLISTON, ND&lt;br&gt;Frequency: 116.3 MHz</description>
                <styleUrl>#805</styleUrl>
                <Point id="1168">
                    <coordinates>-103.75066063888889,48.25341347222222,0.0</coordinates>
                </Point>
            </Placemark>
            <Placemark id="1171">
                <name>ISO</name>
                <description>Altitude Code: VL&lt;br&gt;Magnetic Deviation: W5°&lt;br&gt;City: KINSTON, NC&lt;br&gt;Frequency: 117.5 MHz</description>
                <styleUrl>#805</styleUrl>
                <Point id="1170">
                    <coordinates>-77.55831522222222,35.37094752777778,0.0</coordinates>
                </Point>
            </Placemark>
            <Placemark id="1173">
                <name>IWA</name>
                <description>Altitude Code: L&lt;br&gt;Magnetic Deviation: E13°&lt;br&gt;City: PHOENIX, AZ&lt;br&gt;Frequency: 113.3 MHz</description>
                <styleUrl>#805</styleUrl>
                <Point id="1172">
                    <coordinates>-111.6514353888889,33.30316938888889,0.0</coordinates>
                </Point>
            </Placemark>
            <Placemark id="1175">
                <name>IWD</name>
                <description>Altitude Code: VL&lt;br&gt;Magnetic Deviation: E1°&lt;br&gt;City: IRONWOOD, MI&lt;br&gt;Frequency: 108.8 MHz</description>
                <styleUrl>#805</styleUrl>
                <Point id="1174">
                    <coordinates>-90.12585019444444,46.532256249999996,0.0</coordinates>
                </Point>
            </Placemark>
            <Placemark id="1177">
                <name>JAC</name>
                <description>Altitude Code: VL&lt;br&gt;Magnetic Deviation: E13°&lt;br&gt;City: JACKSON, WY&lt;br&gt;Frequency: 115.4 MHz</description>
                <styleUrl>#805</styleUrl>
                <Point id="1176">
                    <coordinates>-110.73168527777779,43.6210375,0.0</coordinates>
                </Point>
            </Placemark>
            <Placemark id="1179">
                <name>JBR</name>
                <description>Altitude Code: VL&lt;br&gt;Magnetic Deviation: W0°&lt;br&gt;City: JONESBORO, AR&lt;br&gt;Frequency: 115.85 MHz</description>
                <styleUrl>#805</styleUrl>
                <Point id="1178">
                    <coordinates>-90.58850372222221,35.874915916666666,0.0</coordinates>
                </Point>
            </Placemark>
            <Placemark id="1181">
                <name>JLI</name>
                <description>Altitude Code: VL&lt;br&gt;Magnetic Deviation: E15°&lt;br&gt;City: JULIAN, CA&lt;br&gt;Frequency: 113.75 MHz</description>
                <styleUrl>#805</styleUrl>
                <Point id="1180">
                    <coordinates>-116.58593472222222,33.14045861111111,0.0</coordinates>
                </Point>
            </Placemark>
            <Placemark id="1183">
                <name>JMS</name>
                <description>Altitude Code: VL&lt;br&gt;Magnetic Deviation: E4°&lt;br&gt;City: JAMESTOWN, ND&lt;br&gt;Frequency: 114.5 MHz</description>
                <styleUrl>#805</styleUrl>
                <Point id="1182">
                    <coordinates>-98.6787696388889,46.932871638888884,0.0</coordinates>
                </Point>
            </Placemark>
            <Placemark id="1185">
                <name>JPU</name>
                <description>Altitude Code: L&lt;br&gt;Magnetic Deviation: W3°&lt;br&gt;City: PARKERSBURG, WV&lt;br&gt;Frequency: 114.45 MHz</description>
                <styleUrl>#805</styleUrl>
                <Point id="1184">
                    <coordinates>-81.37476047222222,39.44118036111111,0.0</coordinates>
                </Point>
            </Placemark>
            <Placemark id="1187">
                <name>JST</name>
                <description>Altitude Code: L&lt;br&gt;Magnetic Deviation: W6°&lt;br&gt;City: JOHNSTOWN, PA&lt;br&gt;Frequency: 113.0 MHz</description>
                <styleUrl>#805</styleUrl>
                <Point id="1186">
                    <coordinates>-78.8341665,40.31672561111112,0.0</coordinates>
                </Point>
            </Placemark>
            <Placemark id="1189">
                <name>JVL</name>
                <description>Altitude Code: L&lt;br&gt;Magnetic Deviation: E3°&lt;br&gt;City: JANESVILLE, WI&lt;br&gt;Frequency: 114.3 MHz</description>
                <styleUrl>#805</styleUrl>
                <Point id="1188">
                    <coordinates>-89.1052573611111,42.55800813888889,0.0</coordinates>
                </Point>
            </Placemark>
            <Placemark id="1191">
                <name>LAR</name>
                <description>Altitude Code: VL&lt;br&gt;Magnetic Deviation: E14°&lt;br&gt;City: LARAMIE, WY&lt;br&gt;Frequency: 117.6 MHz</description>
                <styleUrl>#805</styleUrl>
                <Point id="1190">
                    <coordinates>-105.7209326388889,41.33782038888889,0.0</coordinates>
                </Point>
            </Placemark>
            <Placemark id="1193">
                <name>LAW</name>
                <description>Altitude Code: VL&lt;br&gt;Magnetic Deviation: E9°&lt;br&gt;City: LAWTON, OK&lt;br&gt;Frequency: 116.85 MHz</description>
                <styleUrl>#805</styleUrl>
                <Point id="1192">
                    <coordinates>-98.41309444444445,34.496181916666664,0.0</coordinates>
                </Point>
            </Placemark>
            <Placemark id="1195">
                <name>LBB</name>
                <description>Altitude Code: L&lt;br&gt;Magnetic Deviation: E11°&lt;br&gt;City: LUBBOCK, TX&lt;br&gt;Frequency: 109.2 MHz</description>
                <styleUrl>#805</styleUrl>
                <Point id="1194">
                    <coordinates>-101.9140103888889,33.70495069444445,0.0</coordinates>
                </Point>
            </Placemark>
            <Placemark id="1197">
                <name>LBF</name>
                <description>Altitude Code: L&lt;br&gt;Magnetic Deviation: E11°&lt;br&gt;City: NORTH PLATTE, NE&lt;br&gt;Frequency: 117.4 MHz</description>
                <styleUrl>#805</styleUrl>
                <Point id="1196">
                    <coordinates>-100.74709763888889,41.04870452777777,0.0</coordinates>
                </Point>
            </Placemark>
            <Placemark id="1199">
                <name>LBY</name>
                <description>Altitude Code: L&lt;br&gt;Magnetic Deviation: E5°&lt;br&gt;City: HATTIESBURG, MS&lt;br&gt;Frequency: 110.6 MHz</description>
                <styleUrl>#805</styleUrl>
                <Point id="1198">
                    <coordinates>-89.33760199999999,31.418682722222222,0.0</coordinates>
                </Point>
            </Placemark>
            <Placemark id="1201">
                <name>LDN</name>
                <description>Altitude Code: L&lt;br&gt;Magnetic Deviation: W6°&lt;br&gt;City: LINDEN, VA&lt;br&gt;Frequency: 114.3 MHz</description>
                <styleUrl>#805</styleUrl>
                <Point id="1200">
                    <coordinates>-78.20557108333334,38.85439844444445,0.0</coordinates>
                </Point>
            </Placemark>
            <Placemark id="1203">
                <name>LFT</name>
                <description>Altitude Code: L&lt;br&gt;Magnetic Deviation: E3°&lt;br&gt;City: LAFAYETTE, LA&lt;br&gt;Frequency: 109.8 MHz</description>
                <styleUrl>#805</styleUrl>
                <Point id="1202">
                    <coordinates>-91.99257133333333,30.193814555555555,0.0</coordinates>
                </Point>
            </Placemark>
            <Placemark id="1205">
                <name>LGA</name>
                <description>Altitude Code: L&lt;br&gt;Magnetic Deviation: W12°&lt;br&gt;City: NEW YORK, NY&lt;br&gt;Frequency: 113.1 MHz</description>
                <styleUrl>#805</styleUrl>
                <Point id="1204">
                    <coordinates>-73.86859913888888,40.78371475,0.0</coordinates>
                </Point>
            </Placemark>
            <Placemark id="1207">
                <name>LHO</name>
                <description>Altitude Code: L&lt;br&gt;Magnetic Deviation: E14°&lt;br&gt;City: LOGAN, UT&lt;br&gt;Frequency: 112.9 MHz</description>
                <styleUrl>#805</styleUrl>
                <Point id="1206">
                    <coordinates>-112.00977083333333,41.79289761111111,0.0</coordinates>
                </Point>
            </Placemark>
            <Placemark id="1209">
                <name>LIB</name>
                <description>Altitude Code: VL&lt;br&gt;Magnetic Deviation: W3°&lt;br&gt;City: LIBERTY, NC&lt;br&gt;Frequency: 113.0 MHz</description>
                <styleUrl>#805</styleUrl>
                <Point id="1208">
                    <coordinates>-79.61259191666666,35.81162147222222,0.0</coordinates>
                </Point>
            </Placemark>
            <Placemark id="1211">
                <name>LLA</name>
                <description>Altitude Code: L&lt;br&gt;Magnetic Deviation: E4°&lt;br&gt;City: WHITE LAKE, LA&lt;br&gt;Frequency: 114.95 MHz</description>
                <styleUrl>#805</styleUrl>
                <Point id="1210">
                    <coordinates>-92.37364249999999,29.663225277777777,0.0</coordinates>
                </Point>
            </Placemark>
            <Placemark id="1213">
                <name>LLC</name>
                <description>Altitude Code: L&lt;br&gt;Magnetic Deviation: E16°&lt;br&gt;City: LOVELOCK, NV&lt;br&gt;Frequency: 116.5 MHz</description>
                <styleUrl>#805</styleUrl>
                <Point id="1212">
                    <coordinates>-118.5775955,40.12526258333333,0.0</coordinates>
                </Point>
            </Placemark>
            <Placemark id="1215">
                <name>LOA</name>
                <description>Altitude Code: L&lt;br&gt;Magnetic Deviation: E8°&lt;br&gt;City: LEONA, TX&lt;br&gt;Frequency: 110.8 MHz</description>
                <styleUrl>#805</styleUrl>
                <Point id="1214">
                    <coordinates>-95.9679561111111,31.1240175,0.0</coordinates>
                </Point>
            </Placemark>
            <Placemark id="1217">
                <name>LOZ</name>
                <description>Altitude Code: VL&lt;br&gt;Magnetic Deviation: W3°&lt;br&gt;City: LONDON, KY&lt;br&gt;Frequency: 116.55 MHz</description>
                <styleUrl>#805</styleUrl>
                <Point id="1216">
                    <coordinates>-84.11007466666666,37.033150388888885,0.0</coordinates>
                </Point>
            </Placemark>
            <Placemark id="1219">
                <name>LRP</name>
                <description>Altitude Code: L&lt;br&gt;Magnetic Deviation: W9°&lt;br&gt;City: LANCASTER, PA&lt;br&gt;Frequency: 117.3 MHz</description>
                <styleUrl>#805</styleUrl>
                <Point id="1218">
                    <coordinates>-76.29129536111111,40.119975527777775,0.0</coordinates>
                </Point>
            </Placemark>
            <Placemark id="1221">
                <name>LSU</name>
                <description>Altitude Code: VL&lt;br&gt;Magnetic Deviation: E6°&lt;br&gt;City: BATON ROUGE, LA&lt;br&gt;Frequency: 116.5 MHz</description>
                <styleUrl>#805</styleUrl>
                <Point id="1220">
                    <coordinates>-91.2940666111111,30.48513375,0.0</coordinates>
                </Point>
            </Placemark>
            <Placemark id="1223">
                <name>LTS</name>
                <description>Altitude Code: L&lt;br&gt;Magnetic Deviation: E5°&lt;br&gt;City: ALTUS, OK&lt;br&gt;Frequency: 109.8 MHz</description>
                <styleUrl>#805</styleUrl>
                <Point id="1222">
                    <coordinates>-99.27116666666666,34.662927777777774,0.0</coordinates>
                </Point>
            </Placemark>
            <Placemark id="1225">
                <name>LVM</name>
                <description>Altitude Code: VL&lt;br&gt;Magnetic Deviation: E15°&lt;br&gt;City: LIVINGSTON, MT&lt;br&gt;Frequency: 116.1 MHz</description>
                <styleUrl>#805</styleUrl>
                <Point id="1224">
                    <coordinates>-110.44245175,45.70248158333334,0.0</coordinates>
                </Point>
            </Placemark>
            <Placemark id="1227">
                <name>LVT</name>
                <description>Altitude Code: VL&lt;br&gt;Magnetic Deviation: W2°&lt;br&gt;City: LIVINGSTON, TN&lt;br&gt;Frequency: 114.35 MHz</description>
                <styleUrl>#805</styleUrl>
                <Point id="1226">
                    <coordinates>-85.16662305555556,36.58450944444445,0.0</coordinates>
                </Point>
            </Placemark>
            <Placemark id="1229">
                <name>LVZ</name>
                <description>Altitude Code: L&lt;br&gt;Magnetic Deviation: W10°&lt;br&gt;City: WILKES BARRE SCRANTON, PA&lt;br&gt;Frequency: 111.6 MHz</description>
                <styleUrl>#805</styleUrl>
                <Point id="1228">
                    <coordinates>-75.68946622222222,41.272798916666666,0.0</coordinates>
                </Point>
            </Placemark>
            <Placemark id="1231">
                <name>LWL</name>
                <description>Altitude Code: VL&lt;br&gt;Magnetic Deviation: E17°&lt;br&gt;City: WELLS, NV&lt;br&gt;Frequency: 114.65 MHz</description>
                <styleUrl>#805</styleUrl>
                <Point id="1230">
                    <coordinates>-114.97751111111111,41.14480277777778,0.0</coordinates>
                </Point>
            </Placemark>
            <Placemark id="1233">
                <name>LYH</name>
                <description>Altitude Code: L&lt;br&gt;Magnetic Deviation: W5°&lt;br&gt;City: LYNCHBURG, VA&lt;br&gt;Frequency: 109.2 MHz</description>
                <styleUrl>#805</styleUrl>
                <Point id="1232">
                    <coordinates>-79.23638052777778,37.25457702777778,0.0</coordinates>
                </Point>
            </Placemark>
            <Placemark id="1235">
                <name>MAD</name>
                <description>Altitude Code: L&lt;br&gt;Magnetic Deviation: W13°&lt;br&gt;City: MADISON, CT&lt;br&gt;Frequency: 110.4 MHz</description>
                <styleUrl>#805</styleUrl>
                <Point id="1234">
                    <coordinates>-72.69220277777778,41.31386111111111,0.0</coordinates>
                </Point>
            </Placemark>
            <Placemark id="1237">
                <name>MAF</name>
                <description>Altitude Code: L&lt;br&gt;Magnetic Deviation: E11°&lt;br&gt;City: MIDLAND, TX&lt;br&gt;Frequency: 112.6 MHz</description>
                <styleUrl>#805</styleUrl>
                <Point id="1236">
                    <coordinates>-102.19038863888889,32.009345055555556,0.0</coordinates>
                </Point>
            </Placemark>
            <Placemark id="1239">
                <name>MAI</name>
                <description>Altitude Code: VL&lt;br&gt;Magnetic Deviation: E0°&lt;br&gt;City: MARIANNA, FL&lt;br&gt;Frequency: 114.0 MHz</description>
                <styleUrl>#805</styleUrl>
                <Point id="1238">
                    <coordinates>-85.12446688888888,30.78619575,0.0</coordinates>
                </Point>
            </Placemark>
            <Placemark id="1241">
                <name>MAZ</name>
                <description>Altitude Code: L&lt;br&gt;Magnetic Deviation: W10°&lt;br&gt;City: MAYAGUEZ, PR&lt;br&gt;Frequency: 110.6 MHz</description>
                <styleUrl>#805</styleUrl>
                <Point id="1240">
                    <coordinates>-67.15103375000001,18.256452583333335,0.0</coordinates>
                </Point>
            </Placemark>
            <Placemark id="1243">
                <name>MBS</name>
                <description>Altitude Code: VL&lt;br&gt;Magnetic Deviation: W3°&lt;br&gt;City: SAGINAW, MI&lt;br&gt;Frequency: 114.35 MHz</description>
                <styleUrl>#805</styleUrl>
                <Point id="1242">
                    <coordinates>-84.07730305555555,43.531648249999996,0.0</coordinates>
                </Point>
            </Placemark>
            <Placemark id="1245">
                <name>MBW</name>
                <description>Altitude Code: VL&lt;br&gt;Magnetic Deviation: E14°&lt;br&gt;City: MEDICINE BOW, WY&lt;br&gt;Frequency: 116.85 MHz</description>
                <styleUrl>#805</styleUrl>
                <Point id="1244">
                    <coordinates>-106.00428388888889,41.84552222222222,0.0</coordinates>
                </Point>
            </Placemark>
            <Placemark id="1247">
                <name>MGW</name>
                <description>Altitude Code: L&lt;br&gt;Magnetic Deviation: W5°&lt;br&gt;City: MORGANTOWN, WV&lt;br&gt;Frequency: 111.6 MHz</description>
                <styleUrl>#805</styleUrl>
                <Point id="1246">
                    <coordinates>-79.86041230555556,39.556715249999996,0.0</coordinates>
                </Point>
            </Placemark>
            <Placemark id="1249">
                <name>MHE</name>
                <description>Altitude Code: VL&lt;br&gt;Magnetic Deviation: E4°&lt;br&gt;City: MITCHELL, SD&lt;br&gt;Frequency: 114.15 MHz</description>
                <styleUrl>#805</styleUrl>
                <Point id="1248">
                    <coordinates>-98.03756547222223,43.77702166666666,0.0</coordinates>
                </Point>
            </Placemark>
            <Placemark id="1251">
                <name>MHF</name>
                <description>Altitude Code: VL&lt;br&gt;Magnetic Deviation: E7°&lt;br&gt;City: SMITH POINT, TX&lt;br&gt;Frequency: 114.75 MHz</description>
                <styleUrl>#805</styleUrl>
                <Point id="1250">
                    <coordinates>-94.74751277777779,29.546343055555557,0.0</coordinates>
                </Point>
            </Placemark>
            <Placemark id="1253">
                <name>MIP</name>
                <description>Altitude Code: L&lt;br&gt;Magnetic Deviation: W9°&lt;br&gt;City: MILTON, PA&lt;br&gt;Frequency: 109.2 MHz</description>
                <styleUrl>#805</styleUrl>
                <Point id="1252">
                    <coordinates>-76.66528994444445,41.02339191666667,0.0</coordinates>
                </Point>
            </Placemark>
            <Placemark id="1255">
                <name>MKL</name>
                <description>Altitude Code: VL&lt;br&gt;Magnetic Deviation: W1°&lt;br&gt;City: JACKSON, TN&lt;br&gt;Frequency: 114.85 MHz</description>
                <styleUrl>#805</styleUrl>
                <Point id="1254">
                    <coordinates>-88.91042936111111,35.60356538888889,0.0</coordinates>
                </Point>
            </Placemark>
            <Placemark id="1257">
                <name>MLB</name>
                <description>Altitude Code: VL&lt;br&gt;Magnetic Deviation: W7°&lt;br&gt;City: MELBOURNE, FL&lt;br&gt;Frequency: 115.85 MHz</description>
                <styleUrl>#805</styleUrl>
                <Point id="1256">
                    <coordinates>-80.63534000000001,28.105282222222225,0.0</coordinates>
                </Point>
            </Placemark>
            <Placemark id="1259">
                <name>MLU</name>
                <description>Altitude Code: VL&lt;br&gt;Magnetic Deviation: E3°&lt;br&gt;City: MONROE, LA&lt;br&gt;Frequency: 117.2 MHz</description>
                <styleUrl>#805</styleUrl>
                <Point id="1258">
                    <coordinates>-92.03601397222222,32.51687938888889,0.0</coordinates>
                </Point>
            </Placemark>
            <Placemark id="1261">
                <name>MMM</name>
                <description>Altitude Code: VL&lt;br&gt;Magnetic Deviation: E16°&lt;br&gt;City: MORMON MESA, NV&lt;br&gt;Frequency: 113.1 MHz</description>
                <styleUrl>#805</styleUrl>
                <Point id="1260">
                    <coordinates>-114.27745230555556,36.76925247222222,0.0</coordinates>
                </Point>
            </Placemark>
            <Placemark id="1263">
                <name>MMT</name>
                <description>Altitude Code: L&lt;br&gt;Magnetic Deviation: W8°&lt;br&gt;City: EASTOVER, SC&lt;br&gt;Frequency: 113.2 MHz</description>
                <styleUrl>#805</styleUrl>
                <Point id="1262">
                    <coordinates>-80.80234444444444,33.92409444444444,0.0</coordinates>
                </Point>
            </Placemark>
            <Placemark id="1265">
                <name>MOL</name>
                <description>Altitude Code: VL&lt;br&gt;Magnetic Deviation: W5°&lt;br&gt;City: MONTEBELLO, VA&lt;br&gt;Frequency: 115.3 MHz</description>
                <styleUrl>#805</styleUrl>
                <Point id="1264">
                    <coordinates>-79.10688916666666,37.90052472222222,0.0</coordinates>
                </Point>
            </Placemark>
            <Placemark id="1267">
                <name>MOP</name>
                <description>Altitude Code: L&lt;br&gt;Magnetic Deviation: W5°&lt;br&gt;City: MOUNT PLEASANT, MI&lt;br&gt;Frequency: 110.6 MHz</description>
                <styleUrl>#805</styleUrl>
                <Point id="1266">
                    <coordinates>-84.73726527777778,43.62282608333334,0.0</coordinates>
                </Point>
            </Placemark>
            <Placemark id="1269">
                <name>MOS</name>
                <description>Altitude Code: L&lt;br&gt;Magnetic Deviation: E16°&lt;br&gt;City: ELIM, AK&lt;br&gt;Frequency: 116.3 MHz</description>
                <styleUrl>#805</styleUrl>
                <Point id="1268">
                    <coordinates>-162.07126791666667,64.69652463888889,0.0</coordinates>
                </Point>
            </Placemark>
            <Placemark id="1271">
                <name>MPV</name>
                <description>Altitude Code: VL&lt;br&gt;Magnetic Deviation: W16°&lt;br&gt;City: BARRE/MONTPELIER, VT&lt;br&gt;Frequency: 116.9 MHz</description>
                <styleUrl>#805</styleUrl>
                <Point id="1270">
                    <coordinates>-72.4493631388889,44.085476972222224,0.0</coordinates>
                </Point>
            </Placemark>
            <Placemark id="1273">
                <name>MQG</name>
                <description>Altitude Code: VL&lt;br&gt;Magnetic Deviation: E20°&lt;br&gt;City: LEWISTON, ID&lt;br&gt;Frequency: 114.45 MHz</description>
                <styleUrl>#805</styleUrl>
                <Point id="1272">
                    <coordinates>-116.86951024999999,46.38155775,0.0</coordinates>
                </Point>
            </Placemark>
            <Placemark id="1275">
                <name>MQO</name>
                <description>Altitude Code: VL&lt;br&gt;Magnetic Deviation: E16°&lt;br&gt;City: SAN LUIS OBISPO, CA&lt;br&gt;Frequency: 112.4 MHz</description>
                <styleUrl>#805</styleUrl>
                <Point id="1274">
                    <coordinates>-120.7595665,35.25225508333333,0.0</coordinates>
                </Point>
            </Placemark>
            <Placemark id="1277">
                <name>MRB</name>
                <description>Altitude Code: L&lt;br&gt;Magnetic Deviation: W7°&lt;br&gt;City: MARTINSBURG, WV&lt;br&gt;Frequency: 112.1 MHz</description>
                <styleUrl>#805</styleUrl>
                <Point id="1276">
                    <coordinates>-77.8483561111111,39.38557222222222,0.0</coordinates>
                </Point>
            </Placemark>
            <Placemark id="1279">
                <name>MRF</name>
                <description>Altitude Code: VL&lt;br&gt;Magnetic Deviation: E11°&lt;br&gt;City: MARFA, TX&lt;br&gt;Frequency: 115.9 MHz</description>
                <styleUrl>#805</styleUrl>
                <Point id="1278">
                    <coordinates>-103.95475516666667,30.298372472222223,0.0</coordinates>
                </Point>
            </Placemark>
            <Placemark id="1281">
                <name>MSN</name>
                <description>Altitude Code: L&lt;br&gt;Magnetic Deviation: E3°&lt;br&gt;City: MADISON, WI&lt;br&gt;Frequency: 108.6 MHz</description>
                <styleUrl>#805</styleUrl>
                <Point id="1280">
                    <coordinates>-89.33969683333333,43.14483491666667,0.0</coordinates>
                </Point>
            </Placemark>
            <Placemark id="1283">
                <name>MSO</name>
                <description>Altitude Code: VL&lt;br&gt;Magnetic Deviation: E13°&lt;br&gt;City: MISSOULA, MT&lt;br&gt;Frequency: 112.8 MHz</description>
                <styleUrl>#805</styleUrl>
                <Point id="1282">
                    <coordinates>-114.08365227777777,46.90796677777777,0.0</coordinates>
                </Point>
            </Placemark>
            <Placemark id="1285">
                <name>MSP</name>
                <description>Altitude Code: L&lt;br&gt;Magnetic Deviation: E2°&lt;br&gt;City: MINNEAPOLIS, MN&lt;br&gt;Frequency: 115.3 MHz</description>
                <styleUrl>#805</styleUrl>
                <Point id="1284">
                    <coordinates>-93.23653158333333,44.89649883333333,0.0</coordinates>
                </Point>
            </Placemark>
            <Placemark id="1287">
                <name>MVC</name>
                <description>Altitude Code: VL&lt;br&gt;Magnetic Deviation: E4°&lt;br&gt;City: MONROEVILLE, AL&lt;br&gt;Frequency: 116.8 MHz</description>
                <styleUrl>#805</styleUrl>
                <Point id="1286">
                    <coordinates>-87.35253816666666,31.4593255,0.0</coordinates>
                </Point>
            </Placemark>
            <Placemark id="1289">
                <name>MVY</name>
                <description>Altitude Code: L&lt;br&gt;Magnetic Deviation: W15°&lt;br&gt;City: VINEYARD HAVEN, MA&lt;br&gt;Frequency: 114.5 MHz</description>
                <styleUrl>#805</styleUrl>
                <Point id="1288">
                    <coordinates>-70.61271588888889,41.396214694444446,0.0</coordinates>
                </Point>
            </Placemark>
            <Placemark id="1291">
                <name>MXE</name>
                <description>Altitude Code: L&lt;br&gt;Magnetic Deviation: W9°&lt;br&gt;City: MODENA, PA&lt;br&gt;Frequency: 113.2 MHz</description>
                <styleUrl>#805</styleUrl>
                <Point id="1290">
                    <coordinates>-75.6708215,39.918050027777774,0.0</coordinates>
                </Point>
            </Placemark>
            <Placemark id="1293">
                <name>MYS</name>
                <description>Altitude Code: L&lt;br&gt;Magnetic Deviation: W1°&lt;br&gt;City: MYSTIC, KY&lt;br&gt;Frequency: 108.2 MHz</description>
                <styleUrl>#805</styleUrl>
                <Point id="1292">
                    <coordinates>-86.2445275,37.89406611111111,0.0</coordinates>
                </Point>
            </Placemark>
            <Placemark id="1295">
                <name>MYV</name>
                <description>Altitude Code: VL&lt;br&gt;Magnetic Deviation: E16°&lt;br&gt;City: MARYSVILLE, CA&lt;br&gt;Frequency: 110.8 MHz</description>
                <styleUrl>#805</styleUrl>
                <Point id="1294">
                    <coordinates>-121.57305752777778,39.098644750000005,0.0</coordinates>
                </Point>
            </Placemark>
            <Placemark id="1297">
                <name>MZV</name>
                <description>Altitude Code: L&lt;br&gt;Magnetic Deviation: E5°&lt;br&gt;City: MOLINE, IL&lt;br&gt;Frequency: 114.4 MHz</description>
                <styleUrl>#805</styleUrl>
                <Point id="1296">
                    <coordinates>-90.63821433333334,41.32092102777778,0.0</coordinates>
                </Point>
            </Placemark>
            <Placemark id="1299">
                <name>MZZ</name>
                <description>Altitude Code: L&lt;br&gt;Magnetic Deviation: W3°&lt;br&gt;City: MARION, IN&lt;br&gt;Frequency: 108.6 MHz</description>
                <styleUrl>#805</styleUrl>
                <Point id="1298">
                    <coordinates>-85.67925000000001,40.493330666666665,0.0</coordinates>
                </Point>
            </Placemark>
            <Placemark id="1301">
                <name>NUN</name>
                <description>Altitude Code: VL&lt;br&gt;Magnetic Deviation: E1°&lt;br&gt;City: PENSACOLA, FL&lt;br&gt;Frequency: 112.25 MHz</description>
                <styleUrl>#805</styleUrl>
                <Point id="1300">
                    <coordinates>-87.3359,30.472141694444442,0.0</coordinates>
                </Point>
            </Placemark>
            <Placemark id="1303">
                <name>OCF</name>
                <description>Altitude Code: VL&lt;br&gt;Magnetic Deviation: E0°&lt;br&gt;City: OCALA, FL&lt;br&gt;Frequency: 113.7 MHz</description>
                <styleUrl>#805</styleUrl>
                <Point id="1302">
                    <coordinates>-82.22633383333334,29.17747713888889,0.0</coordinates>
                </Point>
            </Placemark>
            <Placemark id="1305">
                <name>OFK</name>
                <description>Altitude Code: VL&lt;br&gt;Magnetic Deviation: E8°&lt;br&gt;City: NORFOLK, NE&lt;br&gt;Frequency: 114.35 MHz</description>
                <styleUrl>#805</styleUrl>
                <Point id="1304">
                    <coordinates>-97.43456936111112,41.98792841666667,0.0</coordinates>
                </Point>
            </Placemark>
            <Placemark id="1307">
                <name>OGD</name>
                <description>Altitude Code: VL&lt;br&gt;Magnetic Deviation: E14°&lt;br&gt;City: OGDEN, UT&lt;br&gt;Frequency: 115.7 MHz</description>
                <styleUrl>#805</styleUrl>
                <Point id="1306">
                    <coordinates>-112.09824083333334,41.224095,0.0</coordinates>
                </Point>
            </Placemark>
            <Placemark id="1309">
                <name>OKW</name>
                <description>Altitude Code: L&lt;br&gt;Magnetic Deviation: E0°&lt;br&gt;City: BROOKWOOD, AL&lt;br&gt;Frequency: 111.0 MHz</description>
                <styleUrl>#805</styleUrl>
                <Point id="1308">
                    <coordinates>-87.24986530555556,33.237863805555556,0.0</coordinates>
                </Point>
            </Placemark>
            <Placemark id="1311">
                <name>OLK</name>
                <description>Altitude Code: L&lt;br&gt;Magnetic Deviation: W3°&lt;br&gt;City: WOLF LAKE, IN&lt;br&gt;Frequency: 110.4 MHz</description>
                <styleUrl>#805</styleUrl>
                <Point id="1310">
                    <coordinates>-85.49739722222222,41.2469075,0.0</coordinates>
                </Point>
            </Placemark>
            <Placemark id="1313">
                <name>OLS</name>
                <description>Altitude Code: VL&lt;br&gt;Magnetic Deviation: E9°&lt;br&gt;City: NOGALES, AZ&lt;br&gt;Frequency: 114.65 MHz</description>
                <styleUrl>#805</styleUrl>
                <Point id="1312">
                    <coordinates>-110.84889772222222,31.414954194444444,0.0</coordinates>
                </Point>
            </Placemark>
            <Placemark id="1315">
                <name>OLU</name>
                <description>Altitude Code: VL&lt;br&gt;Magnetic Deviation: E8°&lt;br&gt;City: COLUMBUS, NE&lt;br&gt;Frequency: 116.95 MHz</description>
                <styleUrl>#805</styleUrl>
                <Point id="1314">
                    <coordinates>-97.34081966666666,41.450031583333335,0.0</coordinates>
                </Point>
            </Placemark>
            <Placemark id="1317">
                <name>OOD</name>
                <description>Altitude Code: L&lt;br&gt;Magnetic Deviation: W10°&lt;br&gt;City: WOODSTOWN, NJ&lt;br&gt;Frequency: 112.8 MHz</description>
                <styleUrl>#805</styleUrl>
                <Point id="1316">
                    <coordinates>-75.30305627777777,39.63607752777778,0.0</coordinates>
                </Point>
            </Placemark>
            <Placemark id="1319">
                <name>OOM</name>
                <description>Altitude Code: L&lt;br&gt;Magnetic Deviation: W2°&lt;br&gt;City: BLOOMINGTON, IN&lt;br&gt;Frequency: 110.2 MHz</description>
                <styleUrl>#805</styleUrl>
                <Point id="1318">
                    <coordinates>-86.61301838888889,39.143821805555554,0.0</coordinates>
                </Point>
            </Placemark>
            <Placemark id="1321">
                <name>ORW</name>
                <description>Altitude Code: L&lt;br&gt;Magnetic Deviation: W14°&lt;br&gt;City: NORWICH, CT&lt;br&gt;Frequency: 110.0 MHz</description>
                <styleUrl>#805</styleUrl>
                <Point id="1320">
                    <coordinates>-71.99935330555556,41.55640372222222,0.0</coordinates>
                </Point>
            </Placemark>
            <Placemark id="1323">
                <name>OSH</name>
                <description>Altitude Code: VL&lt;br&gt;Magnetic Deviation: E2°&lt;br&gt;City: OSHKOSH, WI&lt;br&gt;Frequency: 116.75 MHz</description>
                <styleUrl>#805</styleUrl>
                <Point id="1322">
                    <coordinates>-88.55593255555556,43.99043022222222,0.0</coordinates>
                </Point>
            </Placemark>
            <Placemark id="1325">
                <name>OSI</name>
                <description>Altitude Code: VL&lt;br&gt;Magnetic Deviation: E17°&lt;br&gt;City: WOODSIDE, CA&lt;br&gt;Frequency: 113.9 MHz</description>
                <styleUrl>#805</styleUrl>
                <Point id="1324">
                    <coordinates>-122.28130277777778,37.3925,0.0</coordinates>
                </Point>
            </Placemark>
            <Placemark id="1327">
                <name>OTB</name>
                <description>Altitude Code: L&lt;br&gt;Magnetic Deviation: E4°&lt;br&gt;City: TUPELO, MS&lt;br&gt;Frequency: 109.8 MHz</description>
                <styleUrl>#805</styleUrl>
                <Point id="1326">
                    <coordinates>-88.79735855555555,34.22383152777778,0.0</coordinates>
                </Point>
            </Placemark>
            <Placemark id="1329">
                <name>OTH</name>
                <description>Altitude Code: VL&lt;br&gt;Magnetic Deviation: E15°&lt;br&gt;City: NORTH BEND, OR&lt;br&gt;Frequency: 113.85 MHz</description>
                <styleUrl>#805</styleUrl>
                <Point id="1328">
                    <coordinates>-124.16852150000001,43.41550677777778,0.0</coordinates>
                </Point>
            </Placemark>
            <Placemark id="1331">
                <name>OTO</name>
                <description>Altitude Code: VL&lt;br&gt;Magnetic Deviation: E13°&lt;br&gt;City: OTTO, NM&lt;br&gt;Frequency: 114.45 MHz</description>
                <styleUrl>#805</styleUrl>
                <Point id="1330">
                    <coordinates>-105.93608080555556,35.072268722222226,0.0</coordinates>
                </Point>
            </Placemark>
            <Placemark id="1333">
                <name>OWB</name>
                <description>Altitude Code: VL&lt;br&gt;Magnetic Deviation: W4°&lt;br&gt;City: OWENSBORO, KY&lt;br&gt;Frequency: 108.65 MHz</description>
                <styleUrl>#805</styleUrl>
                <Point id="1332">
                    <coordinates>-87.16593672222223,37.743555083333334,0.0</coordinates>
                </Point>
            </Placemark>
            <Placemark id="1335">
                <name>OZR</name>
                <description>Altitude Code: L&lt;br&gt;Magnetic Deviation: W3°&lt;br&gt;City: FORT RUCKER, AL&lt;br&gt;Frequency: 111.2 MHz</description>
                <styleUrl>#805</styleUrl>
                <Point id="1334">
                    <coordinates>-85.72631111111112,31.26894722222222,0.0</coordinates>
                </Point>
            </Placemark>
            <Placemark id="1337">
                <name>PAE</name>
                <description>Altitude Code: L&lt;br&gt;Magnetic Deviation: E20°&lt;br&gt;City: EVERETT, WA&lt;br&gt;Frequency: 110.6 MHz</description>
                <styleUrl>#805</styleUrl>
                <Point id="1336">
                    <coordinates>-122.27780177777778,47.919833222222216,0.0</coordinates>
                </Point>
            </Placemark>
            <Placemark id="1339">
                <name>PBF</name>
                <description>Altitude Code: VL&lt;br&gt;Magnetic Deviation: E4°&lt;br&gt;City: PINE BLUFF, AR&lt;br&gt;Frequency: 116.0 MHz</description>
                <styleUrl>#805</styleUrl>
                <Point id="1338">
                    <coordinates>-91.92617636111112,34.24675852777778,0.0</coordinates>
                </Point>
            </Placemark>
            <Placemark id="1341">
                <name>PCU</name>
                <description>Altitude Code: L&lt;br&gt;Magnetic Deviation: E5°&lt;br&gt;City: PICAYUNE, MS&lt;br&gt;Frequency: 113.95 MHz</description>
                <styleUrl>#805</styleUrl>
                <Point id="1340">
                    <coordinates>-89.73048816666667,30.561165972222224,0.0</coordinates>
                </Point>
            </Placemark>
            <Placemark id="1343">
                <name>PEQ</name>
                <description>Altitude Code: VL&lt;br&gt;Magnetic Deviation: E11°&lt;br&gt;City: PECOS, TX&lt;br&gt;Frequency: 116.5 MHz</description>
                <styleUrl>#805</styleUrl>
                <Point id="1342">
                    <coordinates>-103.57475430555556,31.469314333333333,0.0</coordinates>
                </Point>
            </Placemark>
            <Placemark id="1345">
                <name>PGA</name>
                <description>Altitude Code: VL&lt;br&gt;Magnetic Deviation: E13°&lt;br&gt;City: PAGE, AZ&lt;br&gt;Frequency: 116.45 MHz</description>
                <styleUrl>#805</styleUrl>
                <Point id="1344">
                    <coordinates>-111.44744277777778,36.93104475,0.0</coordinates>
                </Point>
            </Placemark>
            <Placemark id="1347">
                <name>PGO</name>
                <description>Altitude Code: VL&lt;br&gt;Magnetic Deviation: E4°&lt;br&gt;City: PAGE, OK&lt;br&gt;Frequency: 113.5 MHz</description>
                <styleUrl>#805</styleUrl>
                <Point id="1346">
                    <coordinates>-94.60900230555555,34.68046458333333,0.0</coordinates>
                </Point>
            </Placemark>
            <Placemark id="1349">
                <name>PGY</name>
                <description>Altitude Code: VL&lt;br&gt;Magnetic Deviation: E14°&lt;br&gt;City: SAN DIEGO, CA&lt;br&gt;Frequency: 116.45 MHz</description>
                <styleUrl>#805</styleUrl>
                <Point id="1348">
                    <coordinates>-116.97910002777778,32.61033997222222,0.0</coordinates>
                </Point>
            </Placemark>
            <Placemark id="1351">
                <name>PHP</name>
                <description>Altitude Code: VL&lt;br&gt;Magnetic Deviation: E12°&lt;br&gt;City: PHILIP, SD&lt;br&gt;Frequency: 115.55 MHz</description>
                <styleUrl>#805</styleUrl>
                <Point id="1350">
                    <coordinates>-101.66419322222222,44.05823958333333,0.0</coordinates>
                </Point>
            </Placemark>
            <Placemark id="1353">
                <name>PIA</name>
                <description>Altitude Code: L&lt;br&gt;Magnetic Deviation: E4°&lt;br&gt;City: PEORIA, IL&lt;br&gt;Frequency: 115.2 MHz</description>
                <styleUrl>#805</styleUrl>
                <Point id="1352">
                    <coordinates>-89.79275325,40.680069555555555,0.0</coordinates>
                </Point>
            </Placemark>
            <Placemark id="1355">
                <name>PIO</name>
                <description>Altitude Code: L&lt;br&gt;Magnetic Deviation: E12°&lt;br&gt;City: PINON, NM&lt;br&gt;Frequency: 113.95 MHz</description>
                <styleUrl>#805</styleUrl>
                <Point id="1354">
                    <coordinates>-105.30524083333333,32.529202222222224,0.0</coordinates>
                </Point>
            </Placemark>
            <Placemark id="1357">
                <name>PIR</name>
                <description>Altitude Code: VL&lt;br&gt;Magnetic Deviation: E11°&lt;br&gt;City: PIERRE, SD&lt;br&gt;Frequency: 113.75 MHz</description>
                <styleUrl>#805</styleUrl>
                <Point id="1356">
                    <coordinates>-100.16280897222222,44.39455641666667,0.0</coordinates>
                </Point>
            </Placemark>
            <Placemark id="1359">
                <name>PLN</name>
                <description>Altitude Code: L&lt;br&gt;Magnetic Deviation: W6°&lt;br&gt;City: PELLSTON, MI&lt;br&gt;Frequency: 111.8 MHz</description>
                <styleUrl>#805</styleUrl>
                <Point id="1358">
                    <coordinates>-84.66410838888889,45.63064638888889,0.0</coordinates>
                </Point>
            </Placemark>
            <Placemark id="1361">
                <name>POM</name>
                <description>Altitude Code: L&lt;br&gt;Magnetic Deviation: E15°&lt;br&gt;City: POMONA, CA&lt;br&gt;Frequency: 110.4 MHz</description>
                <styleUrl>#805</styleUrl>
                <Point id="1360">
                    <coordinates>-117.78707313888889,34.07838783333334,0.0</coordinates>
                </Point>
            </Placemark>
            <Placemark id="1363">
                <name>PRB</name>
                <description>Altitude Code: VL&lt;br&gt;Magnetic Deviation: E16°&lt;br&gt;City: PASO ROBLES, CA&lt;br&gt;Frequency: 114.3 MHz</description>
                <styleUrl>#805</styleUrl>
                <Point id="1362">
                    <coordinates>-120.62710755555555,35.67246263888889,0.0</coordinates>
                </Point>
            </Placemark>
            <Placemark id="1365">
                <name>PRX</name>
                <description>Altitude Code: L&lt;br&gt;Magnetic Deviation: E7°&lt;br&gt;City: PARIS, TX&lt;br&gt;Frequency: 113.6 MHz</description>
                <styleUrl>#805</styleUrl>
                <Point id="1364">
                    <coordinates>-95.44829027777779,33.54237858333333,0.0</coordinates>
                </Point>
            </Placemark>
            <Placemark id="1367">
                <name>PSC</name>
                <description>Altitude Code: VL&lt;br&gt;Magnetic Deviation: E15°&lt;br&gt;City: PASCO, WA&lt;br&gt;Frequency: 113.75 MHz</description>
                <styleUrl>#805</styleUrl>
                <Point id="1366">
                    <coordinates>-119.11729388888888,46.27026602777778,0.0</coordinates>
                </Point>
            </Placemark>
            <Placemark id="1369">
                <name>PSP</name>
                <description>Altitude Code: L&lt;br&gt;Magnetic Deviation: E13°&lt;br&gt;City: PALM SPRINGS, CA&lt;br&gt;Frequency: 115.5 MHz</description>
                <styleUrl>#805</styleUrl>
                <Point id="1368">
                    <coordinates>-116.42977258333333,33.87001358333333,0.0</coordinates>
                </Point>
            </Placemark>
            <Placemark id="1371">
                <name>PTW</name>
                <description>Altitude Code: L&lt;br&gt;Magnetic Deviation: W9°&lt;br&gt;City: POTTSTOWN, PA&lt;br&gt;Frequency: 116.5 MHz</description>
                <styleUrl>#805</styleUrl>
                <Point id="1370">
                    <coordinates>-75.56025083333333,40.22223183333333,0.0</coordinates>
                </Point>
            </Placemark>
            <Placemark id="1373">
                <name>PUW</name>
                <description>Altitude Code: VL&lt;br&gt;Magnetic Deviation: E20°&lt;br&gt;City: PULLMAN/MOSCOW, WA&lt;br&gt;Frequency: 117.15 MHz</description>
                <styleUrl>#805</styleUrl>
                <Point id="1372">
                    <coordinates>-117.22350336111111,46.67423986111111,0.0</coordinates>
                </Point>
            </Placemark>
            <Placemark id="1375">
                <name>PVW</name>
                <description>Altitude Code: VL&lt;br&gt;Magnetic Deviation: E11°&lt;br&gt;City: PLAINVIEW, TX&lt;br&gt;Frequency: 112.9 MHz</description>
                <styleUrl>#805</styleUrl>
                <Point id="1374">
                    <coordinates>-101.79018694444444,34.08619277777778,0.0</coordinates>
                </Point>
            </Placemark>
            <Placemark id="1377">
                <name>PWL</name>
                <description>Altitude Code: L&lt;br&gt;Magnetic Deviation: W12°&lt;br&gt;City: POUGHKEEPSIE, NY&lt;br&gt;Frequency: 114.3 MHz</description>
                <styleUrl>#805</styleUrl>
                <Point id="1376">
                    <coordinates>-73.60055138888889,41.76977138888889,0.0</coordinates>
                </Point>
            </Placemark>
            <Placemark id="1379">
                <name>PXN</name>
                <description>Altitude Code: VL&lt;br&gt;Magnetic Deviation: E16°&lt;br&gt;City: PANOCHE, CA&lt;br&gt;Frequency: 112.6 MHz</description>
                <styleUrl>#805</styleUrl>
                <Point id="1378">
                    <coordinates>-120.7786836111111,36.71545861111112,0.0</coordinates>
                </Point>
            </Placemark>
            <Placemark id="1381">
                <name>RAL</name>
                <description>Altitude Code: VL&lt;br&gt;Magnetic Deviation: E14°&lt;br&gt;City: RIVERSIDE, CA&lt;br&gt;Frequency: 108.6 MHz</description>
                <styleUrl>#805</styleUrl>
                <Point id="1380">
                    <coordinates>-117.44982777777778,33.95518055555556,0.0</coordinates>
                </Point>
            </Placemark>
            <Placemark id="1383">
                <name>RAV</name>
                <description>Altitude Code: L&lt;br&gt;Magnetic Deviation: W11°&lt;br&gt;City: RAVINE, PA&lt;br&gt;Frequency: 114.6 MHz</description>
                <styleUrl>#805</styleUrl>
                <Point id="1382">
                    <coordinates>-76.59938072222222,40.55339291666667,0.0</coordinates>
                </Point>
            </Placemark>
            <Placemark id="1385">
                <name>RBG</name>
                <description>Altitude Code: VL&lt;br&gt;Magnetic Deviation: E20°&lt;br&gt;City: ROSEBURG, OR&lt;br&gt;Frequency: 114.45 MHz</description>
                <styleUrl>#805</styleUrl>
                <Point id="1384">
                    <coordinates>-123.35224199999999,43.18241527777778,0.0</coordinates>
                </Point>
            </Placemark>
            <Placemark id="1387">
                <name>RBS</name>
                <description>Altitude Code: L&lt;br&gt;Magnetic Deviation: E2°&lt;br&gt;City: ROBERTS, IL&lt;br&gt;Frequency: 116.8 MHz</description>
                <styleUrl>#805</styleUrl>
                <Point id="1386">
                    <coordinates>-88.16426777777778,40.581701388888895,0.0</coordinates>
                </Point>
            </Placemark>
            <Placemark id="1389">
                <name>RDD</name>
                <description>Altitude Code: VL&lt;br&gt;Magnetic Deviation: E18°&lt;br&gt;City: REDDING, CA&lt;br&gt;Frequency: 114.35 MHz</description>
                <styleUrl>#805</styleUrl>
                <Point id="1388">
                    <coordinates>-122.29170113888888,40.504562416666666,0.0</coordinates>
                </Point>
            </Placemark>
            <Placemark id="1391">
                <name>RHI</name>
                <description>Altitude Code: VL&lt;br&gt;Magnetic Deviation: E2°&lt;br&gt;City: RHINELANDER, WI&lt;br&gt;Frequency: 115.05 MHz</description>
                <styleUrl>#805</styleUrl>
                <Point id="1390">
                    <coordinates>-89.45778086111112,45.63378908333333,0.0</coordinates>
                </Point>
            </Placemark>
            <Placemark id="1393">
                <name>RIL</name>
                <description>Altitude Code: VL&lt;br&gt;Magnetic Deviation: E10°&lt;br&gt;City: RIFLE, CO&lt;br&gt;Frequency: 113.35 MHz</description>
                <styleUrl>#805</styleUrl>
                <Point id="1392">
                    <coordinates>-107.7196575,39.528321777777776,0.0</coordinates>
                </Point>
            </Placemark>
            <Placemark id="1395">
                <name>RIW</name>
                <description>Altitude Code: VL&lt;br&gt;Magnetic Deviation: E10°&lt;br&gt;City: RIVERTON, WY&lt;br&gt;Frequency: 114.05 MHz</description>
                <styleUrl>#805</styleUrl>
                <Point id="1394">
                    <coordinates>-108.45553447222223,43.06572997222222,0.0</coordinates>
                </Point>
            </Placemark>
            <Placemark id="1397">
                <name>RKA</name>
                <description>Altitude Code: L&lt;br&gt;Magnetic Deviation: W11°&lt;br&gt;City: ROCKDALE, NY&lt;br&gt;Frequency: 112.6 MHz</description>
                <styleUrl>#805</styleUrl>
                <Point id="1396">
                    <coordinates>-75.23922805555556,42.46633055555556,0.0</coordinates>
                </Point>
            </Placemark>
            <Placemark id="1399">
                <name>RLY</name>
                <description>Altitude Code: VL&lt;br&gt;Magnetic Deviation: E13°&lt;br&gt;City: WORLAND, WY&lt;br&gt;Frequency: 114.8 MHz</description>
                <styleUrl>#805</styleUrl>
                <Point id="1398">
                    <coordinates>-107.95084008333333,43.96413833333334,0.0</coordinates>
                </Point>
            </Placemark>
            <Placemark id="1401">
                <name>ROC</name>
                <description>Altitude Code: L&lt;br&gt;Magnetic Deviation: W12°&lt;br&gt;City: ROCHESTER, NY&lt;br&gt;Frequency: 110.0 MHz</description>
                <styleUrl>#805</styleUrl>
                <Point id="1400">
                    <coordinates>-77.67279475000001,43.11795933333333,0.0</coordinates>
                </Point>
            </Placemark>
            <Placemark id="1403">
                <name>RQR</name>
                <description>Altitude Code: L&lt;br&gt;Magnetic Deviation: E2°&lt;br&gt;City: RESERVE, LA&lt;br&gt;Frequency: 110.8 MHz</description>
                <styleUrl>#805</styleUrl>
                <Point id="1402">
                    <coordinates>-90.58862524999999,30.08750013888889,0.0</coordinates>
                </Point>
            </Placemark>
            <Placemark id="1405">
                <name>RQZ</name>
                <description>Altitude Code: VL&lt;br&gt;Magnetic Deviation: E2°&lt;br&gt;City: HUNTSVILLE, AL&lt;br&gt;Frequency: 112.2 MHz</description>
                <styleUrl>#805</styleUrl>
                <Point id="1404">
                    <coordinates>-86.63384655555556,34.79723908333333,0.0</coordinates>
                </Point>
            </Placemark>
            <Placemark id="1407">
                <name>RRS</name>
                <description>Altitude Code: L&lt;br&gt;Magnetic Deviation: E2°&lt;br&gt;City: DOTHAN, AL&lt;br&gt;Frequency: 111.6 MHz</description>
                <styleUrl>#805</styleUrl>
                <Point id="1406">
                    <coordinates>-85.43120969444445,31.284587333333334,0.0</coordinates>
                </Point>
            </Placemark>
            <Placemark id="1409">
                <name>RSG</name>
                <description>Altitude Code: VL&lt;br&gt;Magnetic Deviation: E10°&lt;br&gt;City: ROCKSPRINGS, TX&lt;br&gt;Frequency: 114.55 MHz</description>
                <styleUrl>#805</styleUrl>
                <Point id="1408">
                    <coordinates>-100.29984505555555,30.014602083333333,0.0</coordinates>
                </Point>
            </Placemark>
            <Placemark id="1411">
                <name>RST</name>
                <description>Altitude Code: L&lt;br&gt;Magnetic Deviation: E5°&lt;br&gt;City: ROCHESTER, MN&lt;br&gt;Frequency: 112.0 MHz</description>
                <styleUrl>#805</styleUrl>
                <Point id="1410">
                    <coordinates>-92.59696,43.78290280555555,0.0</coordinates>
                </Point>
            </Placemark>
            <Placemark id="1413">
                <name>RSW</name>
                <description>Altitude Code: VL&lt;br&gt;Magnetic Deviation: W2°&lt;br&gt;City: FORT MYERS, FL&lt;br&gt;Frequency: 114.15 MHz</description>
                <styleUrl>#805</styleUrl>
                <Point id="1412">
                    <coordinates>-81.7757685,26.529886694444443,0.0</coordinates>
                </Point>
            </Placemark>
            <Placemark id="1415">
                <name>SAF</name>
                <description>Altitude Code: L&lt;br&gt;Magnetic Deviation: E13°&lt;br&gt;City: SANTA FE, NM&lt;br&gt;Frequency: 110.6 MHz</description>
                <styleUrl>#805</styleUrl>
                <Point id="1414">
                    <coordinates>-106.06493572222222,35.54054097222222,0.0</coordinates>
                </Point>
            </Placemark>
            <Placemark id="1417">
                <name>SAU</name>
                <description>Altitude Code: VL&lt;br&gt;Magnetic Deviation: E17°&lt;br&gt;City: SAUSALITO, CA&lt;br&gt;Frequency: 116.2 MHz</description>
                <styleUrl>#805</styleUrl>
                <Point id="1416">
                    <coordinates>-122.52275222222222,37.855334166666665,0.0</coordinates>
                </Point>
            </Placemark>
            <Placemark id="1419">
                <name>SAX</name>
                <description>Altitude Code: VL&lt;br&gt;Magnetic Deviation: W11°&lt;br&gt;City: SPARTA, NJ&lt;br&gt;Frequency: 115.7 MHz</description>
                <styleUrl>#805</styleUrl>
                <Point id="1418">
                    <coordinates>-74.53830816666667,41.06754127777778,0.0</coordinates>
                </Point>
            </Placemark>
            <Placemark id="1421">
                <name>SBI</name>
                <description>Altitude Code: VL&lt;br&gt;Magnetic Deviation: E7°&lt;br&gt;City: SABINE PASS, TX&lt;br&gt;Frequency: 115.4 MHz</description>
                <styleUrl>#805</styleUrl>
                <Point id="1420">
                    <coordinates>-94.03797861111111,29.68671972222222,0.0</coordinates>
                </Point>
            </Placemark>
            <Placemark id="1423">
                <name>SBJ</name>
                <description>Altitude Code: VL&lt;br&gt;Magnetic Deviation: W10°&lt;br&gt;City: SOLBERG, NJ&lt;br&gt;Frequency: 112.9 MHz</description>
                <styleUrl>#805</styleUrl>
                <Point id="1422">
                    <coordinates>-74.74179144444444,40.58304425,0.0</coordinates>
                </Point>
            </Placemark>
            <Placemark id="1425">
                <name>SBV</name>
                <description>Altitude Code: L&lt;br&gt;Magnetic Deviation: W5°&lt;br&gt;City: SOUTH BOSTON, VA&lt;br&gt;Frequency: 110.4 MHz</description>
                <styleUrl>#805</styleUrl>
                <Point id="1424">
                    <coordinates>-79.01449916666667,36.67503858333333,0.0</coordinates>
                </Point>
            </Placemark>
            <Placemark id="1427">
                <name>SDO</name>
                <description>Altitude Code: VL&lt;br&gt;Magnetic Deviation: E18°&lt;br&gt;City: SOD HOUSE, NV&lt;br&gt;Frequency: 111.45 MHz</description>
                <styleUrl>#805</styleUrl>
                <Point id="1426">
                    <coordinates>-118.03472222222221,41.40705555555555,0.0</coordinates>
                </Point>
            </Placemark>
            <Placemark id="1429">
                <name>SDZ</name>
                <description>Altitude Code: L&lt;br&gt;Magnetic Deviation: W3°&lt;br&gt;City: SOUTHERN PINES, NC&lt;br&gt;Frequency: 111.8 MHz</description>
                <styleUrl>#805</styleUrl>
                <Point id="1428">
                    <coordinates>-79.58793680555556,35.21548077777778,0.0</coordinates>
                </Point>
            </Placemark>
            <Placemark id="1431">
                <name>SEG</name>
                <description>Altitude Code: L&lt;br&gt;Magnetic Deviation: W8°&lt;br&gt;City: SELINSGROVE, PA&lt;br&gt;Frequency: 110.4 MHz</description>
                <styleUrl>#805</styleUrl>
                <Point id="1430">
                    <coordinates>-76.88404152777778,40.790859194444444,0.0</coordinates>
                </Point>
            </Placemark>
            <Placemark id="1433">
                <name>SEY</name>
                <description>Altitude Code: VL&lt;br&gt;Magnetic Deviation: W15°&lt;br&gt;City: BLOCK ISLAND, RI&lt;br&gt;Frequency: 117.8 MHz</description>
                <styleUrl>#805</styleUrl>
                <Point id="1432">
                    <coordinates>-71.57608611111111,41.16743611111111,0.0</coordinates>
                </Point>
            </Placemark>
            <Placemark id="1435">
                <name>SFK</name>
                <description>Altitude Code: L&lt;br&gt;Magnetic Deviation: W8°&lt;br&gt;City: STONYFORK, PA&lt;br&gt;Frequency: 108.6 MHz</description>
                <styleUrl>#805</styleUrl>
                <Point id="1434">
                    <coordinates>-77.41990577777779,41.69525319444444,0.0</coordinates>
                </Point>
            </Placemark>
            <Placemark id="1437">
                <name>SFL</name>
                <description>Altitude Code: VL&lt;br&gt;Magnetic Deviation: E12°&lt;br&gt;City: SALT FLAT, TX&lt;br&gt;Frequency: 113.5 MHz</description>
                <styleUrl>#805</styleUrl>
                <Point id="1436">
                    <coordinates>-105.08681,31.748115833333333,0.0</coordinates>
                </Point>
            </Placemark>
            <Placemark id="1439">
                <name>SFO</name>
                <description>Altitude Code: VL&lt;br&gt;Magnetic Deviation: E17°&lt;br&gt;City: SAN FRANCISCO, CA&lt;br&gt;Frequency: 115.8 MHz</description>
                <styleUrl>#805</styleUrl>
                <Point id="1438">
                    <coordinates>-122.37389347222222,37.61948513888889,0.0</coordinates>
                </Point>
            </Placemark>
            <Placemark id="1441">
                <name>SGD</name>
                <description>Altitude Code: VL&lt;br&gt;Magnetic Deviation: E17°&lt;br&gt;City: NAPA, CA&lt;br&gt;Frequency: 112.1 MHz</description>
                <styleUrl>#805</styleUrl>
                <Point id="1440">
                    <coordinates>-122.37315261111111,38.179362166666664,0.0</coordinates>
                </Point>
            </Placemark>
            <Placemark id="1443">
                <name>SHB</name>
                <description>Altitude Code: VL&lt;br&gt;Magnetic Deviation: E1°&lt;br&gt;City: SHELBYVILLE, IN&lt;br&gt;Frequency: 116.15 MHz</description>
                <styleUrl>#805</styleUrl>
                <Point id="1442">
                    <coordinates>-85.82431633333333,39.63254236111111,0.0</coordinates>
                </Point>
            </Placemark>
            <Placemark id="1445">
                <name>SHR</name>
                <description>Altitude Code: VL&lt;br&gt;Magnetic Deviation: E10°&lt;br&gt;City: SHERIDAN, WY&lt;br&gt;Frequency: 113.55 MHz</description>
                <styleUrl>#805</styleUrl>
                <Point id="1444">
                    <coordinates>-107.06110027777777,44.84229997222222,0.0</coordinates>
                </Point>
            </Placemark>
            <Placemark id="1447">
                <name>SHY</name>
                <description>Altitude Code: VL&lt;br&gt;Magnetic Deviation: E0°&lt;br&gt;City: KAISER, MO&lt;br&gt;Frequency: 108.4 MHz</description>
                <styleUrl>#805</styleUrl>
                <Point id="1446">
                    <coordinates>-92.60241202777777,38.04061680555555,0.0</coordinates>
                </Point>
            </Placemark>
            <Placemark id="1449">
                <name>SJC</name>
                <description>Altitude Code: L&lt;br&gt;Magnetic Deviation: E16°&lt;br&gt;City: SAN JOSE, CA&lt;br&gt;Frequency: 114.1 MHz</description>
                <styleUrl>#805</styleUrl>
                <Point id="1448">
                    <coordinates>-121.94466858333334,37.37471216666667,0.0</coordinates>
                </Point>
            </Placemark>
            <Placemark id="1451">
                <name>SLI</name>
                <description>Altitude Code: VL&lt;br&gt;Magnetic Deviation: E15°&lt;br&gt;City: LOS ALAMITOS, CA&lt;br&gt;Frequency: 115.7 MHz</description>
                <styleUrl>#805</styleUrl>
                <Point id="1450">
                    <coordinates>-118.05475844444445,33.783301083333335,0.0</coordinates>
                </Point>
            </Placemark>
            <Placemark id="1453">
                <name>SMO</name>
                <description>Altitude Code: VL&lt;br&gt;Magnetic Deviation: E15°&lt;br&gt;City: SANTA MONICA, CA&lt;br&gt;Frequency: 110.8 MHz</description>
                <styleUrl>#805</styleUrl>
                <Point id="1452">
                    <coordinates>-118.4567155,34.010244916666664,0.0</coordinates>
                </Point>
            </Placemark>
            <Placemark id="1455">
                <name>SOT</name>
                <description>Altitude Code: L&lt;br&gt;Magnetic Deviation: W4°&lt;br&gt;City: SNOWBIRD, TN&lt;br&gt;Frequency: 108.8 MHz</description>
                <styleUrl>#805</styleUrl>
                <Point id="1454">
                    <coordinates>-83.05236916666667,35.790099166666664,0.0</coordinates>
                </Point>
            </Placemark>
            <Placemark id="1457">
                <name>SPW</name>
                <description>Altitude Code: VL&lt;br&gt;Magnetic Deviation: E5°&lt;br&gt;City: SPENCER, IA&lt;br&gt;Frequency: 115.15 MHz</description>
                <styleUrl>#805</styleUrl>
                <Point id="1456">
                    <coordinates>-95.20099183333333,43.16217680555555,0.0</coordinates>
                </Point>
            </Placemark>
            <Placemark id="1459">
                <name>SSF</name>
                <description>Altitude Code: VL&lt;br&gt;Magnetic Deviation: E3°&lt;br&gt;City: SAN ANTONIO, TX&lt;br&gt;Frequency: 108.4 MHz</description>
                <styleUrl>#805</styleUrl>
                <Point id="1458">
                    <coordinates>-98.44348033333334,29.25838263888889,0.0</coordinates>
                </Point>
            </Placemark>
            <Placemark id="1461">
                <name>SSI</name>
                <description>Altitude Code: L&lt;br&gt;Magnetic Deviation: W4°&lt;br&gt;City: ST SIMONS ISLAND, GA&lt;br&gt;Frequency: 109.8 MHz</description>
                <styleUrl>#805</styleUrl>
                <Point id="1460">
                    <coordinates>-81.44596252777778,31.05051427777778,0.0</coordinates>
                </Point>
            </Placemark>
            <Placemark id="1463">
                <name>STT</name>
                <description>Altitude Code: L&lt;br&gt;Magnetic Deviation: W10°&lt;br&gt;City: CHARLOTTE AMALIE, VI&lt;br&gt;Frequency: 108.6 MHz</description>
                <styleUrl>#805</styleUrl>
                <Point id="1462">
                    <coordinates>-65.02455466666666,18.35581752777778,0.0</coordinates>
                </Point>
            </Placemark>
            <Placemark id="1465">
                <name>STW</name>
                <description>Altitude Code: L&lt;br&gt;Magnetic Deviation: W11°&lt;br&gt;City: STILLWATER, NJ&lt;br&gt;Frequency: 109.6 MHz</description>
                <styleUrl>#805</styleUrl>
                <Point id="1464">
                    <coordinates>-74.86903027777777,40.99581972222222,0.0</coordinates>
                </Point>
            </Placemark>
            <Placemark id="1467">
                <name>SUG</name>
                <description>Altitude Code: L&lt;br&gt;Magnetic Deviation: W2°&lt;br&gt;City: ASHEVILLE, NC&lt;br&gt;Frequency: 112.2 MHz</description>
                <styleUrl>#805</styleUrl>
                <Point id="1466">
                    <coordinates>-82.26861416666667,35.406506388888886,0.0</coordinates>
                </Point>
            </Placemark>
            <Placemark id="1469">
                <name>SVC</name>
                <description>Altitude Code: VL&lt;br&gt;Magnetic Deviation: E13°&lt;br&gt;City: SILVER CITY, NM&lt;br&gt;Frequency: 115.75 MHz</description>
                <styleUrl>#805</styleUrl>
                <Point id="1468">
                    <coordinates>-108.16106722222223,32.63768527777778,0.0</coordinates>
                </Point>
            </Placemark>
            <Placemark id="1471">
                <name>SVM</name>
                <description>Altitude Code: L&lt;br&gt;Magnetic Deviation: W3°&lt;br&gt;City: SALEM, MI&lt;br&gt;Frequency: 114.3 MHz</description>
                <styleUrl>#805</styleUrl>
                <Point id="1470">
                    <coordinates>-83.59390152777777,42.408640416666664,0.0</coordinates>
                </Point>
            </Placemark>
            <Placemark id="1473">
                <name>SWR</name>
                <description>Altitude Code: VL&lt;br&gt;Magnetic Deviation: E16°&lt;br&gt;City: SOUTH LAKE TAHOE, CA&lt;br&gt;Frequency: 113.2 MHz</description>
                <styleUrl>#805</styleUrl>
                <Point id="1472">
                    <coordinates>-120.26961222222222,39.180322777777775,0.0</coordinates>
                </Point>
            </Placemark>
            <Placemark id="1475">
                <name>SXC</name>
                <description>Altitude Code: VL&lt;br&gt;Magnetic Deviation: E15°&lt;br&gt;City: SANTA CATALINA, CA&lt;br&gt;Frequency: 114.15 MHz</description>
                <styleUrl>#805</styleUrl>
                <Point id="1474">
                    <coordinates>-118.41990972222223,33.375055833333334,0.0</coordinates>
                </Point>
            </Placemark>
            <Placemark id="1477">
                <name>SXW</name>
                <description>Altitude Code: L&lt;br&gt;Magnetic Deviation: E12°&lt;br&gt;City: EAGLE, CO&lt;br&gt;Frequency: 109.2 MHz</description>
                <styleUrl>#805</styleUrl>
                <Point id="1476">
                    <coordinates>-106.99116988888889,39.62947886111111,0.0</coordinates>
                </Point>
            </Placemark>
            <Placemark id="1479">
                <name>SYI</name>
                <description>Altitude Code: L&lt;br&gt;Magnetic Deviation: W1°&lt;br&gt;City: SHELBYVILLE, TN&lt;br&gt;Frequency: 113.55 MHz</description>
                <styleUrl>#805</styleUrl>
                <Point id="1478">
                    <coordinates>-86.43914952777779,35.56197472222222,0.0</coordinates>
                </Point>
            </Placemark>
            <Placemark id="1481">
                <name>TAS</name>
                <description>Altitude Code: VL&lt;br&gt;Magnetic Deviation: E13°&lt;br&gt;City: TAOS, NM&lt;br&gt;Frequency: 115.8 MHz</description>
                <styleUrl>#805</styleUrl>
                <Point id="1480">
                    <coordinates>-105.90632027777778,36.60876888888889,0.0</coordinates>
                </Point>
            </Placemark>
            <Placemark id="1483">
                <name>TBD</name>
                <description>Altitude Code: VL&lt;br&gt;Magnetic Deviation: E2°&lt;br&gt;City: THIBODAUX, LA&lt;br&gt;Frequency: 117.15 MHz</description>
                <styleUrl>#805</styleUrl>
                <Point id="1482">
                    <coordinates>-90.82909305555555,29.66432222222222,0.0</coordinates>
                </Point>
            </Placemark>
            <Placemark id="1485">
                <name>TBE</name>
                <description>Altitude Code: VL&lt;br&gt;Magnetic Deviation: E12°&lt;br&gt;City: TOBE, CO&lt;br&gt;Frequency: 114.05 MHz</description>
                <styleUrl>#805</styleUrl>
                <Point id="1484">
                    <coordinates>-103.60005583333333,37.2586575,0.0</coordinates>
                </Point>
            </Placemark>
            <Placemark id="1487">
                <name>TBN</name>
                <description>Altitude Code: L&lt;br&gt;Magnetic Deviation: E0°&lt;br&gt;City: FORT LEONARD WOOD, MO&lt;br&gt;Frequency: 110.0 MHz</description>
                <styleUrl>#805</styleUrl>
                <Point id="1486">
                    <coordinates>-92.13899433333334,37.742431833333335,0.0</coordinates>
                </Point>
            </Placemark>
            <Placemark id="1489">
                <name>TDD</name>
                <description>Altitude Code: L&lt;br&gt;Magnetic Deviation: E9°&lt;br&gt;City: THEDFORD, NE&lt;br&gt;Frequency: 108.6 MHz</description>
                <styleUrl>#805</styleUrl>
                <Point id="1488">
                    <coordinates>-100.71903388888889,41.98166416666667,0.0</coordinates>
                </Point>
            </Placemark>
            <Placemark id="1491">
                <name>TIJ</name>
                <description>Altitude Code: L&lt;br&gt;Magnetic Deviation: E12°&lt;br&gt;City: TIJUANA, nan&lt;br&gt;Frequency: 116.5 MHz</description>
                <styleUrl>#805</styleUrl>
                <Point id="1490">
                    <coordinates>-116.95270000000001,32.540441666666666,0.0</coordinates>
                </Point>
            </Placemark>
            <Placemark id="1493">
                <name>TNP</name>
                <description>Altitude Code: VL&lt;br&gt;Magnetic Deviation: E15°&lt;br&gt;City: TWENTYNINE PALMS, CA&lt;br&gt;Frequency: 114.2 MHz</description>
                <styleUrl>#805</styleUrl>
                <Point id="1492">
                    <coordinates>-115.769905,34.11223452777778,0.0</coordinates>
                </Point>
            </Placemark>
            <Placemark id="1495">
                <name>TNU</name>
                <description>Altitude Code: L&lt;br&gt;Magnetic Deviation: E3°&lt;br&gt;City: NEWTON, IA&lt;br&gt;Frequency: 112.5 MHz</description>
                <styleUrl>#805</styleUrl>
                <Point id="1494">
                    <coordinates>-93.10903241666666,41.78388419444444,0.0</coordinates>
                </Point>
            </Placemark>
            <Placemark id="1497">
                <name>TOP</name>
                <description>Altitude Code: VL&lt;br&gt;Magnetic Deviation: E5°&lt;br&gt;City: TOPEKA, KS&lt;br&gt;Frequency: 117.8 MHz</description>
                <styleUrl>#805</styleUrl>
                <Point id="1496">
                    <coordinates>-95.54916922222222,39.137077777777776,0.0</coordinates>
                </Point>
            </Placemark>
            <Placemark id="1499">
                <name>TOY</name>
                <description>Altitude Code: L&lt;br&gt;Magnetic Deviation: E4°&lt;br&gt;City: TROY, IL&lt;br&gt;Frequency: 116.0 MHz</description>
                <styleUrl>#805</styleUrl>
                <Point id="1498">
                    <coordinates>-89.91859258333334,38.73914961111111,0.0</coordinates>
                </Point>
            </Placemark>
            <Placemark id="1501">
                <name>TPH</name>
                <description>Altitude Code: VL&lt;br&gt;Magnetic Deviation: E17°&lt;br&gt;City: TONOPAH, NV&lt;br&gt;Frequency: 116.0 MHz</description>
                <styleUrl>#805</styleUrl>
                <Point id="1500">
                    <coordinates>-117.0335035,38.030644027777775,0.0</coordinates>
                </Point>
            </Placemark>
            <Placemark id="1503">
                <name>TQA</name>
                <description>Altitude Code: L&lt;br&gt;Magnetic Deviation: E10°&lt;br&gt;City: ABILENE, TX&lt;br&gt;Frequency: 114.85 MHz</description>
                <styleUrl>#805</styleUrl>
                <Point id="1502">
                    <coordinates>-99.81678277777777,32.23574305555556,0.0</coordinates>
                </Point>
            </Placemark>
            <Placemark id="1505">
                <name>TST</name>
                <description>Altitude Code: VL&lt;br&gt;Magnetic Deviation: E13°&lt;br&gt;City: CHADRON, NE&lt;br&gt;Frequency: 113.4 MHz</description>
                <styleUrl>#805</styleUrl>
                <Point id="1504">
                    <coordinates>-103.31214638888889,42.558771388888886,0.0</coordinates>
                </Point>
            </Placemark>
            <Placemark id="1507">
                <name>TTE</name>
                <description>Altitude Code: VL&lt;br&gt;Magnetic Deviation: E16°&lt;br&gt;City: PORTERVILLE, CA&lt;br&gt;Frequency: 116.25 MHz</description>
                <styleUrl>#805</styleUrl>
                <Point id="1506">
                    <coordinates>-119.02080955555556,35.91305116666666,0.0</coordinates>
                </Point>
            </Placemark>
            <Placemark id="1509">
                <name>TVF</name>
                <description>Altitude Code: VL&lt;br&gt;Magnetic Deviation: E8°&lt;br&gt;City: THIEF RIVER FALLS, MN&lt;br&gt;Frequency: 114.45 MHz</description>
                <styleUrl>#805</styleUrl>
                <Point id="1508">
                    <coordinates>-96.18647447222223,48.06931266666667,0.0</coordinates>
                </Point>
            </Placemark>
            <Placemark id="1511">
                <name>TWF</name>
                <description>Altitude Code: VL&lt;br&gt;Magnetic Deviation: E18°&lt;br&gt;City: TWIN FALLS, ID&lt;br&gt;Frequency: 113.1 MHz</description>
                <styleUrl>#805</styleUrl>
                <Point id="1510">
                    <coordinates>-114.48945827777779,42.47985033333334,0.0</coordinates>
                </Point>
            </Placemark>
            <Placemark id="1513">
                <name>TXC</name>
                <description>Altitude Code: VL&lt;br&gt;Magnetic Deviation: E12°&lt;br&gt;City: THURMAN, CO&lt;br&gt;Frequency: 112.9 MHz</description>
                <styleUrl>#805</styleUrl>
                <Point id="1512">
                    <coordinates>-103.21493861111111,39.698317499999995,0.0</coordinates>
                </Point>
            </Placemark>
            <Placemark id="1515">
                <name>TYI</name>
                <description>Altitude Code: VL&lt;br&gt;Magnetic Deviation: W5°&lt;br&gt;City: ROCKY MOUNT, NC&lt;br&gt;Frequency: 117.8 MHz</description>
                <styleUrl>#805</styleUrl>
                <Point id="1514">
                    <coordinates>-77.70373166666667,35.97672361111111,0.0</coordinates>
                </Point>
            </Placemark>
            <Placemark id="1517">
                <name>TYR</name>
                <description>Altitude Code: VL&lt;br&gt;Magnetic Deviation: E6°&lt;br&gt;City: TYLER, TX&lt;br&gt;Frequency: 114.2 MHz</description>
                <styleUrl>#805</styleUrl>
                <Point id="1516">
                    <coordinates>-95.40346538888889,32.35586741666667,0.0</coordinates>
                </Point>
            </Placemark>
            <Placemark id="1519">
                <name>UJM</name>
                <description>Altitude Code: VL&lt;br&gt;Magnetic Deviation: E1°&lt;br&gt;City: HELENA/WEST HELENA, AR&lt;br&gt;Frequency: 113.65 MHz</description>
                <styleUrl>#805</styleUrl>
                <Point id="1518">
                    <coordinates>-90.67440141666667,34.57504661111111,0.0</coordinates>
                </Point>
            </Placemark>
            <Placemark id="1521">
                <name>VCN</name>
                <description>Altitude Code: L&lt;br&gt;Magnetic Deviation: W10°&lt;br&gt;City: MILLVILLE, NJ&lt;br&gt;Frequency: 115.2 MHz</description>
                <styleUrl>#805</styleUrl>
                <Point id="1520">
                    <coordinates>-74.96714388888888,39.53767111111111,0.0</coordinates>
                </Point>
            </Placemark>
            <Placemark id="1523">
                <name>VCT</name>
                <description>Altitude Code: L&lt;br&gt;Magnetic Deviation: E6°&lt;br&gt;City: VICTORIA, TX&lt;br&gt;Frequency: 109.0 MHz</description>
                <styleUrl>#805</styleUrl>
                <Point id="1522">
                    <coordinates>-96.97893055555556,28.90031661111111,0.0</coordinates>
                </Point>
            </Placemark>
            <Placemark id="1525">
                <name>VEL</name>
                <description>Altitude Code: VL&lt;br&gt;Magnetic Deviation: E15°&lt;br&gt;City: VERNAL, UT&lt;br&gt;Frequency: 114.15 MHz</description>
                <styleUrl>#805</styleUrl>
                <Point id="1524">
                    <coordinates>-109.49328408333334,40.378882527777776,0.0</coordinates>
                </Point>
            </Placemark>
            <Placemark id="1527">
                <name>VIH</name>
                <description>Altitude Code: L&lt;br&gt;Magnetic Deviation: E6°&lt;br&gt;City: ROLLA/VICHY, MO&lt;br&gt;Frequency: 117.7 MHz</description>
                <styleUrl>#805</styleUrl>
                <Point id="1526">
                    <coordinates>-91.70677194444444,38.154071944444446,0.0</coordinates>
                </Point>
            </Placemark>
            <Placemark id="1529">
                <name>VNA</name>
                <description>Altitude Code: VL&lt;br&gt;Magnetic Deviation: E1°&lt;br&gt;City: VIENNA, GA&lt;br&gt;Frequency: 116.5 MHz</description>
                <styleUrl>#805</styleUrl>
                <Point id="1528">
                    <coordinates>-83.49725638888889,32.21344277777778,0.0</coordinates>
                </Point>
            </Placemark>
            <Placemark id="1531">
                <name>VNY</name>
                <description>Altitude Code: VL&lt;br&gt;Magnetic Deviation: E15°&lt;br&gt;City: VAN NUYS, CA&lt;br&gt;Frequency: 113.1 MHz</description>
                <styleUrl>#805</styleUrl>
                <Point id="1530">
                    <coordinates>-118.4916743888889,34.2234585,0.0</coordinates>
                </Point>
            </Placemark>
            <Placemark id="1533">
                <name>VTU</name>
                <description>Altitude Code: L&lt;br&gt;Magnetic Deviation: E15°&lt;br&gt;City: OXNARD, CA&lt;br&gt;Frequency: 116.55 MHz</description>
                <styleUrl>#805</styleUrl>
                <Point id="1532">
                    <coordinates>-119.04949866666666,34.115064611111116,0.0</coordinates>
                </Point>
            </Placemark>
        </Folder>
    </Document>
</kml>
